year,200 km,B31 3.43W,B32 0.00667E,B33 6.4983E,BerknerR25 45.716W,Bryan coast,D66 136.9352E,DIV2010,Derwael Ice Rise,Dyer Plateau,FB9802,FB9804,FB9805,FB9807,FB9808,FB9809,FB9810,FB9811,FB9812,FB9813,FB9814,FB9815,FB9816,FB9817,Ferrigno,Fimbulisen s100,GV2 145.2631 E,GV5 158.5369 E,GV7 158.8624E,Gomez,H72 41.08333E,Hercules Neve 165.4 E,ITASE-00-1,ITASE-00-3,ITASE-00-4,ITASE-00-5,ITASE-01-1,ITASE-01-2,ITASE-01-3,ITASE-01-4,ITASE-01-5,ITASE-02-4,ITASE-99-1,"JRI (Aristarain et al., 2004)",LGB65 77.07472E,Law Dome (2015),RICE,RIDS-A,SPOLE 0EW,THW2010,Talos Dome 159.07575E,UP-C,WAIS 2014,WD05A 112.125W,WD05Q 112.086W,vrs-13 (vostok stack)
1848,314.795576573702,76.5,55.9,36.5,118.6,353.814811976054,201.9048,401.1,392.915944637549,247.0,139.0,49.0,39.9,59.3,74.3,108.7,89.0,52.5,46.9,45.1,47.2,76.7,46.2,43.8,414.491230961141,254.0,118.35931,82.3209999999972,296.853688573434,747.526234041028,248.838232720272,133.38,219.40172,363.926946765219,223.939049,167.529261,325.631231862008,541.841185,335.914952,286.449214891892,394.813325,76.4576053999992,73.8468560391776,398.69,113.0,853.0,179.752797328393,231.530399999998,87.8363148000003,351.1,108.900000000001,114.092,251.861200547438,249.0,211.0,33.950263752
1849,256.427710017237,77.4,58.3,39.1,169.6,474.565487138154,201.9048,234.6,392.32513088776,295.000000000002,139.0,46.2,58.3,70.5,56.9,111.4,79.9,71.4,37.2,34.3,74.8,87.3,16.3,55.4,261.486600928384,296.0,95.74845,168.08399999999,296.853688573434,747.526234041028,414.184626826827,204.91,226.895283,363.926946765219,167.714887,134.680776,325.631231862008,541.841185,335.914952,286.449214891892,519.754698,76.3597876428563,92.2501312342345,618.077,169.0,633.0,311.839706219306,261.075600000003,89.1339674500009,351.1,73.1999999999994,114.092,173.96881551147,152.0,187.0,22.8993956295
1850,156.979571151808,51.9,75.1,60.1,117.5,403.343054389076,201.9048,362.7,439.197812287947,338.999999999999,139.0,29.8,42.2,56.3,68.1,33.1,65.0,68.4,26.0,65.9,38.8,46.1,62.3,52.4,282.997079318724,168.0,102.13168,126.062999999992,296.853688573434,747.526234041028,330.996490225682,164.519,226.204048,363.926946765219,186.050634,162.022125,325.631231862008,541.841185,335.914952,286.449214891892,442.552304,137.201118000001,92.1851991301402,555.884,104.0,535.0,196.305922479342,197.798399999999,73.9952678600007,351.1,109.8,114.092,211.23741056616,220.0,202.0,27.8716024035
1851,428.901796996611,43.6,60.4,61.5,78.6,433.053799007776,201.9048,413.9,343.586613848616,325.000000000003,139.0,46.1,60.4,44.9,65.1,75.1,67.8,32.8,35.1,21.1,41.5,62.0,32.4,34.9,260.973839525382,323.0,102.13168,125.829999999996,296.853688573434,747.526234041028,248.048960341929,114.61,244.807488,363.926946765219,196.273963,193.615807,325.631231862008,541.841185,335.914952,286.449214891892,376.379321,91.3108840142869,73.6936165682518,467.669,156.0,545.0,158.823972094839,248.705999999999,104.602514279999,351.1,111.300000000001,114.092,268.634628773915,189.0,227.0,4.303419225
1852,189.315586205026,59.1,46.4,44.6,69.1,301.775969280539,201.9048,209.8,498.316372403113,219.999999999999,139.0,40.8,44.4,64.5,79.3,72.0,61.9,51.9,30.5,42.1,66.4,34.9,29.7,37.8,304.150397891136,438.0,114.64422,97.0560000000023,296.853688573434,747.526234041028,264.358948658115,86.484,172.835036,363.926946765219,126.313763,96.667525,325.631231862008,541.841185,335.914952,286.449214891892,543.115561,76.068004257142,110.388484328797,707.507,176.0,699.0,196.046001305576,187.1532,72.5049439000001,351.1,95.9999999999991,114.092,202.091401100355,181.0,163.0,25.892022976875
1853,328.862747235787,54.7,51.3,28.3,104.7,492.345736176251,201.9048,424.8,389.683921768147,339.999999999996,139.0,38.1,59.8,53.1,68.1,51.0,79.5,51.9,47.6,42.0,36.0,50.8,37.8,34.8,325.496569172007,261.0,95.11365,111.210000000003,296.853688573434,747.526234041028,255.884231751732,180.175,213.253373,363.926946765219,224.153239,128.777318,325.631231862008,541.841185,335.914952,286.449214891892,346.901279,121.679324100001,91.8475530835862,536.582,104.0,653.0,223.874025970941,241.728000000001,80.383251479999,351.1,90.0,114.092,214.406027473072,201.0,181.0,24.88950056525
1854,205.104471976468,46.4,48.5,28.8,66.4,391.316274603019,201.9048,441.8,406.309115326701,393.000000000001,139.0,49.0,46.8,47.5,73.8,71.9,64.7,62.7,48.3,60.3,63.6,21.3,59.3,43.5,411.71849166813,528.0,76.09092,170.214000000008,296.853688573434,747.526234041028,140.259213366979,64.206,212.999924,363.926946765219,195.447248,201.292993,325.631231862008,541.841185,335.914952,286.449214891892,437.862814,105.464021522077,110.045643282336,698.342,85.0,818.0,249.81081642341,290.736800000002,56.2865511100007,351.1,90.0,114.092,332.725018001893,211.0,221.0,25.985754327125
1855,221.224430175352,55.2,46.1,37.7,91.5,370.806561505015,201.9048,431.8,427.183064004319,315.000000000005,139.0,65.4,33.8,81.2,76.6,71.8,58.8,27.3,28.9,31.4,38.8,40.0,24.4,66.5,216.460811055192,502.0,126.8182,84.0419999999949,250.780328049405,747.526234041028,346.128238356768,92.742,249.046093,363.926946765219,111.370179,166.455972,325.631231862008,541.841185,335.914952,286.449214891892,361.67492,56.9083988636358,102.323592787942,555.255,104.0,708.0,147.949829898252,146.892499999998,68.8146771899986,351.1,72.0000000000005,114.092,160.649291806045,176.0,202.0,16.3476757285
1856,433.901598053217,48.0,51.0,60.2,56.4,430.409689099744,201.9048,284.3,387.739899669933,308.0,139.0,71.3,33.8,73.1,59.5,71.7,146.9,62.6,22.4,49.6,69.3,21.3,43.5,63.4,302.73868121342,254.0,95.11365,168.08399999999,236.135913340893,747.526234041028,205.888340671983,121.278,208.444303,363.926946765219,211.503289,184.830856,325.631231862008,541.841185,335.914952,286.449214891892,664.929157,128.014849772729,183.773678602443,555.669,85.0,842.0,184.835710727441,223.477499999999,88.9565591100001,351.1,75.9999999999991,114.092,128.682240938867,166.0,149.0,5.2861456515
1857,326.655443878966,48.5,52.0,57.0,57.1,399.852270246218,201.9048,385.8,348.418940267396,388.999999999996,139.0,35.9,39.0,84.6,59.4,92.5,41.1,46.2,53.3,60.0,47.1,48.1,51.9,63.2,216.039714788679,289.0,113.6871,138.705999999993,172.781090903083,377.920702960273,230.418268030595,152.24,190.531072,363.926946765219,237.030142,166.347771,325.631231862008,541.841185,335.914952,286.449214891892,381.329108,99.5391299999984,81.5064887562413,650.536,156.0,791.0,286.243712327984,236.572500000002,43.6325820000011,351.1,34.8000000000002,114.092,162.830681890192,242.0,218.0,28.22487525225
1858,375.014035949925,73.2,60.7,34.0,140.8,389.366007516773,201.9048,241.1,386.619057452444,292.000000000002,139.0,44.4,46.8,39.6,42.3,89.4,64.5,40.7,38.5,20.8,55.5,50.8,30.1,43.0,302.146937467362,289.0,69.33817,122.850000000001,188.95596261216,656.013089655099,349.333152941714,173.024,259.081243,363.926946765219,158.018225,127.701316,280.63835170425,541.841185,335.914952,286.449214891892,418.912505,99.4292347727279,122.014190337789,544.644,156.0,679.0,156.842580316709,249.157499999999,65.4143900000007,351.1,95.6999999999994,114.092,183.625873866198,189.0,161.0,24.0610765695
1859,398.666583399074,61.0,72.1,30.9,85.8,518.431572488284,201.9048,190.2,656.740089184595,311.0,139.0,39.0,49.4,81.8,28.2,68.5,85.0,62.2,38.5,62.5,52.8,56.2,46.8,77.5,344.878520644753,327.0,113.46246,163.800000000001,236.487140645698,567.024023986909,365.321617218975,186.948,181.134119,363.926946765219,178.999335,152.905523,237.304210394804,541.841185,335.914952,286.449214891892,338.537153,113.42243909091,101.445180426216,616.185,156.0,654.0,164.621231047327,187.436,51.7547835999994,351.1,121.800000000001,114.092,204.016147194949,169.0,190.0,35.4084572255
1860,454.670662724274,50.5,51.8,28.8,120.6,477.774091543684,201.9048,441.4,285.985996222539,177.999999999997,139.0,58.9,70.4,47.8,59.1,101.2,55.6,62.1,54.6,49.4,30.5,50.9,24.8,77.5,258.370265582824,248.0,94.55205,204.12,268.29105317007,497.284336515177,409.90121259315,69.039,130.686516,363.926946765219,221.202818,152.85128,303.947986799503,541.841185,273.372065,286.449214891892,389.998552,99.0600340909075,136.485940985509,459.95,115.0,578.0,283.315257312983,224.570400000003,81.6626153999993,351.1,69.6000000000004,114.092,262.04163398854,208.0,169.0,17.88219462125
1861,185.85664262938,67.9,50.2,48.7,130.9,407.497240694732,201.9048,299.5,427.323029683933,440.000000000005,139.0,59.1,47.0,47.7,59.0,59.5,96.5,48.5,31.8,39.0,69.3,29.5,33.1,37.3,430.009925252064,373.0,94.55205,135.599999999999,221.487519064221,287.575242943168,270.284070444577,116.569,242.279666,363.926946765219,221.416601,174.074153,368.229183279943,541.841185,294.096831,286.449214891892,465.682223,96.0160165798412,88.019312770732,418.409,115.0,822.0,155.218509398638,283.937199999997,77.5208933500011,351.1,78.2999999999993,114.092,150.318728521467,200.0,193.0,23.412220958
1862,542.090059560801,54.1,60.2,44.0,147.4,287.884966926812,201.9048,296.7,426.590703664496,375.999999999998,139.0,39.0,62.8,89.3,67.2,56.5,78.9,72.8,29.1,57.5,55.3,26.7,43.8,37.3,244.805183340348,414.0,100.50384,108.48,166.66835783596,497.934412973326,81.8811754703356,68.57,223.804819,363.926946765219,136.037326,108.404595,324.102629619331,541.841185,394.42924,286.449214891892,399.797578,68.1419585086962,87.8581102043725,490.536,160.0,543.0,282.772089889637,171.604400000003,80.7211209649993,351.1,147.9,114.092,206.239044085063,161.0,218.0,45.94120168675
1863,314.330344691768,59.5,65.9,39.3,101.8,297.525319346862,201.9048,266.6,361.524462844304,302.0,139.0,63.2,31.5,64.1,83.8,112.9,78.7,78.3,28.2,60.3,58.0,42.7,46.2,43.1,287.447581296187,289.0,106.78533,149.250000000006,249.348177314259,406.976468606801,229.085829529035,109.13,148.792591,363.926946765219,184.23703,155.302497,259.030539170731,541.841185,211.481563,286.449214891892,334.637478,203.969181410869,105.21694429355,333.255,179.0,660.0,189.390946120249,186.5,78.215603390001,351.1,69.6000000000004,114.092,162.347767217398,156.0,141.0,8.0569802765
1864,563.674170930427,68.6,73.7,53.4,176.1,307.135265343449,201.9048,415.9,502.439065963567,350.999999999999,139.0,29.9,44.5,63.9,39.0,92.0,46.5,56.8,48.8,50.0,35.9,26.6,54.0,63.1,342.785396733063,419.0,94.22235,190.162000000012,152.711219705756,357.749316735084,261.5744319708,60.84,204.526802,363.926946765219,193.397812,177.492456,323.111790724459,541.841185,263.249342,440.74003369291,456.119858,81.5191456891315,104.914815058551,416.842,167.0,600.0,180.274508746091,223.799999999998,89.8139315949989,351.1,69.6000000000004,114.092,294.696124345274,232.0,173.0,19.1084130195
1865,385.082105850174,45.6,75.9,46.5,120.9,455.198875411766,134.6032,265.1,338.668158858196,384.0,139.0,61.8,52.3,58.1,47.4,77.0,110.1,70.2,49.8,47.6,71.6,66.5,37.5,77.2,299.560572614826,121.0,94.22235,162.348000000011,232.281630899089,416.391126163097,432.576264723347,135.2,278.863028,363.926946765219,192.950527,110.616216,276.734169298984,541.841185,265.040797,272.220010524997,394.586508,95.107697984782,139.161650153391,689.991,141.0,705.0,279.151562037604,171.580000000003,87.0207549599994,351.1,75.3999999999996,114.092,164.514378085354,129.0,144.0,12.830279576625
1866,319.999305835812,55.3,65.5,36.0,103.7,345.861933784665,168.254,444.1,252.505923032571,352.000000000004,139.0,42.4,57.4,69.0,92.0,148.0,72.2,53.8,35.1,60.5,85.1,74.2,53.2,25.7,341.908543060209,243.0,112.73028,163.170000000007,300.957518978775,605.215001170306,342.381479681172,61.02,376.371566,363.926946765219,176.482789,132.846688,382.821542589393,541.841185,423.46319,376.573709203755,414.283001,81.5226222847815,121.079590925884,368.669,164.0,575.0,215.946109291087,291.023,66.6393071550006,351.1,87.0000000000005,114.092,255.356758204067,227.0,227.0,42.287887570125
1867,343.390914719314,84.7,59.1,44.7,89.5,424.375344588701,215.46464,464.2,560.504776069841,366.999999999997,139.0,44.9,62.4,66.1,78.0,100.6,80.8,61.7,30.6,15.7,65.8,26.5,44.8,76.9,303.054782786507,370.0,105.8318,67.932000000003,126.984758913818,615.632358079542,366.358342232279,108.48,303.130544,363.926946765219,206.11738,155.163239,398.751350989476,541.841185,405.896657,261.962218193749,328.379075,116.468491777717,98.2473481978675,514.95,125.0,560.0,368.243087900796,239.0058,78.2270289600004,351.1,55.0999999999999,114.092,194.159364444623,231.0,252.0,28.23516775375
1868,174.667819389865,83.3,60.4,48.8,185.2,275.987304292,134.6654,361.1,353.983912415978,322.000000000003,139.0,50.3,46.7,85.3,58.5,50.3,66.4,53.4,30.1,41.7,24.6,42.4,39.4,51.1,349.53517406854,299.0,112.0572,122.630999999999,331.937414844617,664.443466935303,365.876473616602,101.7,151.199867,363.926946765219,181.714422,117.159915,354.600733277122,541.841185,381.75746,241.327145526253,627.987318,132.279624737501,114.083292407553,665.119,111.0,897.0,170.457229811134,224.254799999998,55.4515475699995,265.5,84.1000000000008,114.092,223.113831005789,194.0,194.0,31.3721848475
1869,278.319389602214,66.1,45.3,44.0,146.0,413.515111950415,107.23582,422.8,379.102850198561,291.999999999994,139.0,42.4,59.5,74.2,119.9,94.5,89.6,58.6,35.2,26.0,62.8,74.2,31.4,56.9,255.452172859542,211.0,93.381,215.480999999988,338.332649833031,505.342593300103,405.930668445736,125.43,227.550304,363.926946765219,233.07131,134.028668,367.446491052631,541.841185,276.015033,336.478140136254,460.638121,102.847465500001,113.503246795476,554.838,164.0,829.0,179.31180438964,231.732800000002,73.5246380549996,233.3,52.2000000000003,114.092,167.282803698226,171.0,178.0,25.328158973625
1870,182.028823828156,64.0,45.4,45.4,94.2,452.224472654513,266.0208,268.4,429.782390202522,506.0,139.0,42.4,38.7,68.7,80.9,117.7,101.3,34.6,35.3,54.3,38.2,29.1,28.7,57.1,327.425266391372,372.0,93.381,120.434999999993,250.607942221892,396.466502011249,405.327812570175,98.31,250.156012,363.926946765219,245.44168,134.131867,303.9578446651,541.841185,233.084713,294.396297804873,522.933373,73.3581825250013,64.6883370880217,422.322,85.0,612.0,116.480096973162,149.214199999997,56.7263085900001,173.8,86.9999999999982,114.092,143.927288512047,107.0,149.0,17.071463073
1871,253.511438540778,75.8,70.4,36.6,185.4,490.744504353568,189.18726,201.9,493.089749604013,278.000000000006,139.0,47.7,38.7,98.6,64.2,91.0,57.8,45.2,53.4,28.3,59.9,87.5,26.0,77.3,339.708938093169,162.0,120.28421,93.6210000000005,109.640974722078,594.56000855557,275.342534085458,149.16,233.243278,363.926946765219,171.103144,100.309765,435.282324487171,541.841185,271.651765,376.734984478086,530.570543,175.6792304625,80.987697153219,507.036,151.0,611.0,333.336873400585,178.745400000001,80.979234950001,254.1,110.2,191.376000000005,176.22183668796,174.0,160.0,36.959556201375
1872,229.175185521983,77.3,85.7,36.0,124.0,284.214533567393,170.39175,343.8,419.548438652954,282.999999999994,139.0,47.8,41.2,62.8,89.2,47.0,80.8,82.3,38.5,64.1,76.1,31.7,26.0,57.5,296.855495142375,192.0,82.93181,147.550000000001,354.901260043846,465.455476182241,234.646114178951,105.09,210.75514,363.926946765219,197.075554,116.563715,348.223704666534,541.841185,345.379091,266.818603858464,571.643067,160.969321190477,64.8976780644688,561.057,166.0,565.0,157.800517855702,185.8234,81.4479133799998,218.6,98.599999999999,147.838000000001,211.385425089144,158.0,179.0,29.469936910875
1873,157.207711569515,64.0,70.8,41.6,132.0,430.701642561385,279.7371,416.2,333.465334779875,349.000000000004,139.0,47.6,28.3,57.1,38.8,35.3,103.8,50.4,38.5,25.6,51.5,60.5,28.5,54.5,381.110397852209,336.0,121.20803,163.800000000001,226.460218921648,712.343559394104,391.849272803759,166.11,283.174321,363.926946765219,223.104178,116.890612,394.866231804452,541.841185,360.718987,225.54551577846,344.720939,116.783734047619,81.2564976420992,482.842,173.0,747.0,262.832962364441,311.120000000001,82.9900656999999,271.3,104.400000000001,167.886000000001,158.645115838727,224.0,234.0,7.83486854
1874,363.496545968679,66.0,52.2,38.9,133.0,410.499037215886,300.01537,399.0,303.107772071383,365.000000000002,139.0,63.2,53.8,76.0,69.0,70.7,57.5,45.0,25.7,33.3,37.9,36.6,43.9,45.7,380.493209501804,283.0,102.06992,195.749999999996,210.254568553539,682.229821394595,205.863752755882,81.36,310.285239,363.926946765219,131.194401,121.323015,429.038334538257,541.841185,325.121749,164.005063364614,789.825475,101.987178333332,102.993463542585,439.124,109.0,548.0,166.38569939693,287.343,106.59224268,269.2,69.6000000000004,145.949999999998,301.260976315157,170.0,171.0,42.37526649425
1875,172.415379856154,66.5,45.5,34.3,74.5,380.625880231958,231.6174,311.9,375.178841873779,387.0,139.0,70.8,35.8,56.9,65.9,85.6,80.4,53.0,38.2,30.7,81.0,39.0,41.2,65.4,282.866181768193,194.0,113.73258,167.699999999995,220.760428171634,563.84609509024,314.474264321275,167.56,253.699112,363.926946765219,266.819941,137.97979,404.472162500952,541.841185,354.354922,180.611535048457,476.977859,159.88622404762,90.4265020717356,434.384,109.0,608.0,211.981551539893,183.386,91.1495185049994,322.8,82.3000000000002,152.012000000002,234.075261140339,184.0,207.0,2.534173488
1876,243.43730452775,46.4,69.7,32.2,186.7,370.355582503313,142.05882,484.1,331.941541955958,292.999999999999,139.0,54.8,33.3,70.4,87.5,100.3,94.5,87.6,51.6,48.7,99.4,36.3,33.5,59.4,286.734095230972,448.0,99.14704,201.88799999999,147.89505808884,692.307020899841,209.481544554193,118.548,191.089432,363.926946765219,253.317478,154.621463,280.404615897152,541.841185,290.314855,219.356512000005,415.845654,58.0254930952379,72.4732261437429,424.797,141.0,668.0,158.878339258999,306.995999999996,44.5987917699991,313.5,35.3999999999985,103.500000000001,222.812234056478,251.0,223.0,22.230929298375
1877,377.390327679185,41.7,78.5,51.5,94.3,447.665612329161,198.1284,376.7,459.235052585203,413.999999999994,139.0,39.0,35.9,48.7,57.4,47.1,88.5,50.5,38.5,33.3,117.6,43.8,25.8,75.9,446.220062583484,201.0,105.34373,95.657999999994,335.089386100026,356.115185610572,394.1923599091,207.199,215.294507,363.926946765219,147.201721,206.749737,299.032799375525,541.841185,235.746936,338.823939999998,685.417027,118.904855309523,72.5905810084906,451.69,134.0,584.0,493.65333064062,233.1906,73.1624371125003,278.9,53.1000000000006,151.799999999999,249.573037086637,222.0,199.0,13.96278313175
1878,368.570646803358,46.0,48.9,60.0,109.4,437.211312464748,204.3146,307.1,432.812501852356,382.000000000005,139.0,46.8,53.9,62.2,35.5,126.1,134.4,50.5,38.5,35.9,64.2,59.2,46.4,47.5,332.009481974111,242.0,92.95035,94.3739999999934,261.594336049917,679.129730782411,293.298228463519,173.075,259.379073,363.926946765219,140.845754,173.116704,328.534765032498,541.841185,288.293313,317.93893800909,500.834222,133.946249452382,54.51994994548,608.379,158.0,696.0,185.721084492361,239.839800000004,73.1037234000004,279.6,53.0999999999995,248.400000000002,337.537480350575,220.0,214.0,47.75196385575
1879,485.632788232208,47.1,52.2,35.5,93.9,271.66006875513,269.59504,341.2,508.574645446103,275.999999999996,139.0,62.3,48.8,72.9,49.2,70.1,54.4,79.8,35.9,51.2,37.5,64.4,33.5,36.3,335.713544821017,400.0,92.95035,125.764869082998,241.712485274747,503.559206898971,325.025922034929,185.457,235.813639,363.926946765219,197.132267,138.974348,386.403294153751,541.841185,310.171819,272.627555543183,421.626785,118.842884671429,72.7509637110328,757.399,196.0,619.0,212.132341828084,275.793199999997,85.7690228000003,327.9,59.0000000000009,103.499999999999,222.736110257578,224.0,259.0,15.6249013325
1880,562.460023340823,55.6,59.8,20.8,112.6,387.623413223961,234.04824,362.3,456.512021433864,286.000000000001,139.0,57.0,59.2,91.6,38.3,81.7,91.6,42.5,41.1,43.5,85.9,23.2,54.1,50.3,377.067967343348,319.0,110.99202,144.945965141656,226.145271925527,572.417137547871,272.567493155865,129.219,188.256513,363.926946765219,176.874499,121.823724,348.482005768435,541.841185,284.918058,235.688609693176,494.854743,133.767408835715,109.14858880977,900.899,158.0,830.0,211.915150638989,246.640000000002,101.739775300001,297.2,58.9999999999998,213.546999999999,170.903204422061,176.0,162.0,24.273281654125
1881,380.746146584841,70.8,68.5,35.5,195.4,396.722470687277,104.02144,374.5,285.69404015271,372.0,139.0,49.1,48.7,83.3,90.3,119.4,77.2,55.6,30.3,40.9,45.7,64.6,87.5,50.3,334.639956359511,285.0,104.56683,92.2383414537808,179.525075030697,631.658263614158,424.166188243367,197.909,303.056594,363.926946765219,255.451774,121.523037,475.301834812778,541.841185,407.755658,189.578810635307,467.344976,104.117991183333,72.7804888461384,429.036,82.0,755.0,220.462466206789,210.274899999999,64.1947807999988,205.9,53.1000000000085,144.123000000001,291.174342774124,186.0,162.0,37.309419459125
1882,504.426933079976,83.7,80.6,55.2,110.2,415.429589231488,184.6604,478.0,285.307421723527,298.999999999999,93.3,38.6,45.9,61.7,57.3,93.1,99.7,92.5,33.6,43.4,78.0,54.4,61.5,55.8,334.130512145572,321.0,123.0198,107.294945124822,203.218468097655,413.864610375936,215.897105032963,123.642,254.661075,363.926946765219,242.764564,155.682536,347.044486802362,541.841185,311.981667,214.450665533331,445.463312,111.701406124999,109.192876917834,529.144,114.0,520.0,233.449421024739,282.273,96.2009204000001,338.7,88.4999999999991,130.015000000001,187.519172338703,256.0,249.0,27.50998084
1883,463.871658877786,78.8,80.3,64.6,151.3,337.634937645728,296.4676,343.1,488.686562012101,317.0,103.2,63.9,32.9,64.2,68.0,63.8,85.2,63.2,51.6,40.8,72.4,54.2,38.3,36.2,250.271933162798,517.0,92.26485,142.847842994834,396.117630611524,512.426666891334,287.527802677983,89.297,226.138152,363.926946765219,130.719038,153.825773,367.597517776811,541.841185,321.788181,310.975426126666,429.122272,136.660677075001,72.8100134407035,440.363,139.0,533.0,120.977520522788,231.0455,117.427653000002,299.1,53.0999999999995,136.466,202.690621390011,205.0,223.0,9.399548908
1884,346.200322511351,66.6,60.4,45.8,126.6,308.301361922465,132.096,378.2,394.367770958409,426.000000000002,174.3,33.0,30.3,32.0,35.3,110.0,102.0,70.7,41.0,20.4,93.6,46.2,20.4,94.7,170.859346016775,317.0,110.80314,77.8010573454003,144.782991845683,591.801425955416,263.284196155171,61.821,177.387174,363.926946765219,205.064191,122.613103,299.245437018916,541.841185,389.264671,345.03290623535,401.460958,123.0595254,72.8218231704214,484.602,82.0,735.0,302.218162069459,273.676599999997,45.3263839500005,268.8,122.55,190.384000000001,152.210753713601,230.0,250.0,9.51010881
1885,484.394512604856,52.4,41.2,30.2,132.1,394.481154986424,170.59378,377.1,402.142609855483,284.999999999997,145.8,57.9,55.1,42.6,48.7,72.2,56.6,70.3,41.0,53.4,40.0,38.4,53.4,61.2,291.380927002838,241.0,117.0039,120.275363561382,183.969019711303,512.074646820667,270.960618057443,107.024,234.572362,363.926946765219,144.522738,122.251061,339.779508149462,541.841185,291.85964,302.6161228093,324.717439,136.573502624999,72.8336329001394,571.975,118.0,565.0,276.008890399363,179.4816,31.9807039999994,305.6,59.8500000000001,108.442,154.557117887187,147.0,133.0,14.02150596875
1886,521.203502429291,55.9,59.1,31.6,116.0,432.265018186613,104.03168,315.4,469.192748294711,496.000000000002,195.1,47.5,77.0,63.8,72.8,144.2,39.6,36.3,57.9,47.9,77.0,50.9,17.8,69.5,249.444421561222,208.0,80.0553,162.481662616308,213.623101077552,482.242304998327,278.608461589063,120.402,235.84035,363.926946765219,180.683745,152.611918,273.05767157921,541.841185,308.236202,264.709880409301,399.649949,122.74234155,91.0586493684008,690.189,161.0,603.0,260.536163060705,207.566399999999,63.9238946000007,229.2,54.1500000000008,94.675999999998,262.240716579576,187.0,187.0,21.5674811285
1887,381.168905709642,63.4,64.2,39.6,109.3,306.915895066104,253.57722,329.9,451.304822895382,392.000000000003,110.3,72.2,37.1,82.0,104.7,83.7,84.7,74.8,36.9,40.2,60.7,60.8,30.4,38.9,323.828455997854,322.0,104.6877,159.320540775525,292.687126147057,650.552501581582,397.351508249446,154.299199999999,169.145568,363.926946765219,213.019749,210.387171,389.373745736242,541.841185,259.144284,367.975094974757,490.983318,84.0887491666669,91.0319936927518,433.797,118.0,733.0,182.238955499298,199.772800000001,63.8736157999988,239.5,51.3000000000011,121.437000000002,233.602208230375,235.0,198.0,9.503133695125
1888,303.511085693432,51.3,73.5,56.5,97.8,402.26894868312,181.15545,315.2,433.484451349014,442.0,113.1,62.6,37.0,60.6,50.8,52.0,78.9,56.7,28.1,45.0,76.1,60.5,35.6,52.7,356.459624533655,237.0,91.4302,121.615325922673,252.238610742228,511.549439088065,428.362922051397,163.493400000001,298.552319,363.926946765219,180.083441,121.886723,387.596392241411,541.841185,373.883877,350.938321586501,453.686248,151.1645475,109.147132863826,358.409,124.0,572.0,216.787470693528,256.929599999999,42.5543322000011,235.8,68.4000000000015,147.980999999999,282.088042880897,195.0,231.0,22.96966013275
1889,363.892346163427,47.6,75.9,55.7,129.8,516.263831881784,193.8855,321.0,449.546802777096,562.999999999995,106.0,30.2,27.1,55.2,40.0,83.6,59.0,28.3,41.0,32.3,83.5,37.8,35.6,55.2,273.160909956638,356.0,121.2794,158.163697171403,299.960268761606,550.559280436887,245.654377729555,136.784200000001,242.993687,351.419781306522,147.751074,121.7747,314.749012243546,541.841185,292.629813,317.664657870136,470.686005,134.1203925,127.212493656571,430.71,124.0,726.0,268.567488873403,258.469199999999,61.1310508499993,324.5,51.3000000000011,114.019999999999,204.771334001138,204.0,218.0,24.6006186165
1890,149.390964422369,50.0,62.1,42.5,174.5,400.759666834034,129.6641,364.4,490.877646985591,358.000000000004,218.8,37.9,41.7,52.4,61.2,51.8,86.9,61.7,28.4,61.7,65.0,27.7,35.6,87.8,371.894476374414,237.0,90.95955,120.505674035355,215.318163564459,521.786093636156,284.926728746045,106.59,251.463627,418.164677808694,199.080701,97.29499,216.045327608312,541.841185,330.944897,271.657996301164,323.19457,83.6464338888891,134.333853443579,480.297,142.0,531.0,297.380603087063,252.767300000001,95.5876196000001,279.5,146.500000000001,154.1,197.981518530549,218.0,195.0,12.158491380875
1891,164.375350066842,48.8,69.1,46.3,138.7,428.651247447839,293.8815,400.2,363.211400679233,250.0,109.6,53.3,26.9,57.5,55.8,94.7,123.0,25.7,53.6,46.8,72.6,37.8,48.4,65.5,371.221726234257,353.0,121.2794,144.983389073786,132.900538951494,639.069560418059,205.597313743579,105.944000000001,147.9626,400.419790029347,149.251948,121.303474,257.679741326662,456.713837,394.534231,362.516543279037,624.990086,83.5048861111114,172.492436015958,488.276,99.0,779.0,220.729835219332,151.5606,84.8692530000003,333.3,69.9999999999989,87.1000000000017,260.245878928274,247.0,201.0,10.459857814
1892,407.463642275241,51.7,66.8,41.6,157.7,456.38515392929,338.92004,397.3,362.578215622251,436.999999999998,161.8,35.6,22.0,70.5,47.9,65.8,72.4,51.3,19.3,51.9,119.0,37.7,43.4,51.6,329.413326027707,274.0,84.57888,146.884636071782,218.210699233355,717.088928761333,229.091291305294,106.59,291.468853,436.782977391304,231.866821,169.224935,260.381812894891,382.665939,321.454544,374.081275057139,321.531523,171.57571975,95.703671435555,476.71,161.0,739.0,220.59542152169,250.962200000001,63.5912278000007,238.1,67.199999999998,100.499999999999,228.16546012293,99.0,181.0,10.807976673125
1893,466.752409271435,55.1,54.7,57.0,139.1,493.430398657854,130.2484,425.5,496.838696101159,346.000000000004,108.3,66.1,63.4,81.1,50.6,111.5,69.4,48.8,40.6,57.0,54.6,62.8,68.9,73.3,328.875570137976,274.0,120.0126,136.556198471158,278.301776447547,766.452445258355,394.300568082273,81.4804000000006,184.782223,551.2428246,230.623442,143.747061,259.246398947527,307.429872,354.371323,427.019528453041,325.528886,104.64900375,95.5734531478875,356.429,108.0,951.0,161.075820473724,284.265399999999,76.7717946999999,444.7,50.3999999999985,113.899999999999,164.03772894535,220.0,201.0,34.270599326875
1894,472.579750670926,70.6,65.0,57.9,119.9,378.831947106456,211.4042,382.7,529.431308519476,297.999999999995,225.7,71.1,38.9,52.4,37.3,154.3,38.8,46.3,62.9,42.3,62.6,78.0,58.4,100.5,369.33119404164,235.0,108.01134,81.9337190826946,260.03585158105,530.453421443902,385.751981321942,106.450199999999,159.579528,418.56841762826,180.424056,143.238185,322.15586048839,458.953714,264.890213,270.052990949306,584.985899,89.5238214999991,95.4421542887751,371.169,144.0,952.0,144.056126218686,233.062499999999,95.1957206000001,261.5,50.3999999999985,154.1,178.182178502029,209.0,163.0,3.848672436
1895,350.446773371241,63.9,78.4,28.7,188.5,283.704044357844,95.4,214.7,603.915799027714,338.000000000001,104.7,55.8,48.6,81.3,61.2,51.4,85.8,51.5,41.0,54.9,41.9,75.7,30.3,57.1,405.461610624749,311.0,102.01071,174.355569354082,186.16212471912,569.361433857443,432.145051524255,160.332400000001,231.982973,267.072266167391,163.624495,122.423163,222.627633637186,409.873153,262.534985,268.956169825114,385.653315,104.3259115,119.270857604731,524.144,168.0,420.0,186.342101983712,176.1985,97.7115163000014,208.6,67.1999999999935,174.031000000001,298.145669672781,152.0,157.0,16.12569554975
1896,499.412083886998,38.7,65.5,43.8,159.3,481.537152741858,191.30785,358.3,274.58197234441,335.000000000001,166.9,32.9,67.8,62.9,63.9,111.0,85.9,45.5,41.0,60.0,92.0,35.4,37.7,100.7,404.622816975643,267.0,108.30792,231.556418136568,242.420422903624,550.138779989155,157.031647366742,136.676799999998,183.630398,447.979051034782,162.907407,101.847673,283.321600334114,309.84976,212.990397,286.980377302714,440.65795,133.990254249999,150.329956448498,452.971,108.0,460.0,287.755802717149,239.129000000002,68.5848394999996,290.7,67.2000000000003,160.067999999999,163.882882173171,213.0,244.0,20.31035431225
1897,422.677250723355,67.4,47.0,52.0,150.9,301.594453437878,264.92437,250.1,316.211807098718,369.0,130.8,40.5,19.3,34.1,45.2,96.2,141.6,45.6,59.1,52.5,73.3,45.6,45.0,40.9,371.187161630822,387.0,108.90108,149.775821158403,222.490702229005,657.621443704853,239.211685266551,82.1375,209.494776,296.940207173913,237.625143,101.693241,232.08386098714,396.918204,294.68768,288.319241021428,404.52002,89.6834005612513,171.406925151749,509.19,144.0,635.0,245.194721896355,196.513300000001,84.3251010000002,203.7,86.7999999999995,86.4610000000017,254.036487880756,156.0,177.0,4.47590838
1898,331.792544239347,75.3,48.5,47.1,111.9,414.055386284169,325.79612,412.8,273.699378213967,423.999999999999,71.9,43.2,31.4,83.8,37.2,56.3,108.6,45.6,49.0,67.5,41.7,43.1,32.4,84.6,244.361353668583,310.0,102.85102,158.202624394789,277.842220501452,440.929046864458,422.696592550451,135.232000000001,276.577,428.253408044565,133.723531,99.353046,268.324705160042,251.395303,319.07886,324.678532442853,383.623799,75.423770502499,192.380323208285,420.582,126.0,844.0,258.224168971611,217.197599999997,84.2275106000002,218.3,83.9999999999998,119.439,201.759811152765,229.0,218.0,20.943644658
1899,226.753585627609,40.7,64.5,36.9,117.9,403.901293916206,189.7035,381.3,399.244762724874,425.000000000004,146.7,48.5,29.0,57.6,53.1,42.3,67.0,43.8,40.8,62.5,88.3,68.2,29.8,95.7,284.686284445678,270.0,90.7509,167.61944727544,233.368025232805,646.361993238021,207.234234327507,73.4786000000011,290.305726,360.390240505437,247.528102,118.373924,391.925876433124,434.454581,419.20361,431.003598064346,429.715929,150.69401388125,186.756583888359,495.144,114.0,821.0,216.413218934322,258.725200000003,63.1060771999988,226.2,56.0000000000002,86.0579999999993,240.782372565733,212.0,205.0,22.185174981
1900,203.972033673079,43.3,66.1,25.2,104.1,281.33836193684,245.43232,418.3,281.010254475537,341.999999999999,149.3,66.7,55.4,83.6,55.8,70.7,100.6,84.6,28.6,34.9,43.9,22.7,51.9,52.0,324.824178176933,385.0,121.0012,226.003749135439,186.765568974425,636.620275671358,378.602878817152,122.049199999999,274.198566,490.344880375002,189.510907,177.187248,375.478258528845,528.23355,395.955739,471.317412775278,540.9306,75.2534263512511,99.9842402122788,589.512,93.0,521.0,274.437097355327,237.268399999997,73.5531832000004,310.2,117.6,122.189999999999,265.627614703786,205.0,227.0,26.36829683225
1901,470.049031881783,64.4,66.6,30.5,125.7,337.138867279265,168.56051,529.0,314.141637985677,394.999999999996,71.2,74.9,52.9,52.1,23.9,107.8,69.8,38.3,36.7,27.3,38.7,62.8,44.4,30.1,324.261089810831,380.0,121.7146,77.4051826960863,142.297576361467,675.351541516751,339.024485367689,73.4785999999997,254.605829,457.987307461957,237.221826,157.450231,309.410107700173,340.30699,278.824257,281.247550578943,657.075624,150.188306625,99.8587138498977,633.322,118.0,717.0,239.855981977439,285.504400000003,89.2109522000009,262.8,67.1999999999935,79.2000000000007,227.582112349059,255.0,256.0,15.200185403625
1902,387.050742103761,65.5,58.3,47.9,134.1,495.43028230636,192.71522,331.0,447.721776423341,441.000000000003,83.8,36.1,28.8,54.6,55.8,57.0,55.7,30.5,31.5,22.3,41.2,30.1,44.2,82.3,404.513643354184,267.0,97.37168,113.486482996659,224.231022961174,479.233949099998,404.482295675164,77.4294,267.170051,473.480921086956,218.874385,197.190208,526.247309440503,640.228405,376.98617,280.506967105264,326.548694,119.84217639625,99.7334177905446,643.986,124.0,616.0,264.397311639887,257.072399999998,82.2878507600002,241.1,70.9500000000003,141.9,252.131890094649,265.0,226.0,15.684441452375
1903,363.641124968771,60.4,40.2,45.9,118.6,363.811075416952,266.49467,425.6,270.90730660497,320.999999999998,153.6,63.7,69.4,46.7,87.8,93.7,58.4,35.5,37.7,49.2,71.9,70.0,41.7,134.3,286.680784095817,193.0,103.45741,88.5443988215684,234.865894457663,469.621783152852,457.90709309792,82.6685999999994,248.667535,326.535482608695,200.632875,138.544205,326.418922402046,401.440752,269.088342,406.916629847369,402.565688,139.512654479761,79.6968461727285,621.619,93.0,1026.0,297.059879767507,194.179200000001,80.0982702399994,286.5,51.3000000000011,105.6,301.107955535775,181.0,187.0,2.584819104
1904,208.504281574641,58.1,38.0,34.3,173.0,251.492058769759,260.761,425.6,270.51318918392,439.0,194.8,80.3,38.3,82.8,66.6,120.8,99.8,45.7,36.6,27.0,25.6,62.4,31.8,108.2,177.444474572989,315.0,127.80033,175.263657263072,272.646599748376,626.266318063716,302.232719525552,138.437100000001,308.030914,472.841875,211.928341,138.599133,493.571238833917,362.346368,334.721243,312.066436885714,483.70256,83.5283436273813,79.6169540523153,489.251,81.0,642.0,147.587524722415,304.504399999999,104.559982,303.0,68.4000000000049,211.2,185.401327957358,249.0,300.0,18.812486534125
1905,361.651131231725,47.9,49.8,50.7,123.9,297.684375433815,202.68358,314.5,353.798192242889,440.000000000005,92.9,76.4,28.8,59.4,79.8,122.2,58.1,30.5,60.8,39.1,64.0,62.3,56.1,61.5,298.019164601886,385.0,107.86572,169.515679812778,242.454142951822,557.644006827113,309.50384252727,190.415399999999,162.963375,345.065676408696,209.724997,158.090062,172.712202696148,455.124034,194.195981,289.747778894948,537.806096,125.044992963096,201.175160246638,465.124,137.0,709.0,335.874348068321,200.2744,101.788958040001,257.4,102.600000000001,98.9999999999991,125.574156326097,201.0,157.0,20.370284900875
1906,360.398096896727,47.8,56.3,53.5,105.6,380.807057539329,169.99268,278.9,562.137589722683,335.999999999999,118.8,73.3,36.1,43.8,66.2,77.9,118.9,50.8,48.6,41.3,38.3,42.3,26.8,100.8,249.317182451957,567.0,101.87318,152.42516525399,204.877389343014,596.374069122144,185.529080047103,163.0079,108.645078,412.217661195653,160.532146,189.598116,273.399441950785,344.099264,306.54791,323.359887029266,351.093607,110.912409778571,163.5441645,593.445,75.0,656.0,180.018423884739,296.6099,80.7986249199997,223.6,104.499999999999,125.189000000001,160.910115567862,130.0,220.0,19.015238636625
1907,395.443182760849,53.1,45.0,35.1,89.3,472.73580636124,164.85525,251.9,452.173323017637,278.999999999996,147.6,43.8,43.4,82.2,86.9,86.5,85.6,48.3,36.3,48.5,58.7,62.1,43.9,79.2,365.280606470118,306.0,125.84334,175.005606286231,178.214752062907,563.576102335101,312.584157238298,101.257100000001,179.762968,296.242154256522,137.59904,175.873737,199.956818536266,228.706513,303.828267,347.574756941054,337.444044,55.3722465523798,114.2924365,724.639,239.0,675.0,302.481507501845,165.469200000001,69.7704772600002,259.6,98.9999999999998,203.481999999999,215.137932494829,172.0,107.0,4.425598042875
1908,147.69202760365,45.1,65.2,31.7,133.5,490.128541462556,233.32197,333.1,542.920830029452,549.0,73.7,60.5,45.9,46.2,78.7,131.5,68.9,53.4,25.7,24.2,38.2,59.7,34.1,34.2,364.525000923839,452.0,95.88064,125.547500161861,217.896764450671,723.069481925792,269.761351697674,167.721499999999,251.564731,323.657277765217,186.915097,206.992427,273.474566572821,298.732804,350.689446,433.672428265261,510.683672,107.286129413526,146.871687,671.706,167.0,724.0,176.706096201114,179.192799999999,49.9390353600001,258.8,89.0999999999951,104.646,212.963971424343,184.0,169.0,15.0384152615
1909,219.770222274877,48.7,66.5,36.0,119.6,378.325629067872,333.47388,381.6,491.554177403306,286.999999999999,118.5,43.4,36.3,64.2,62.9,55.9,150.8,53.4,41.0,55.8,48.3,39.8,34.1,70.9,247.936706797765,444.0,66.4346,121.676795037556,229.733531974221,595.685237300314,403.795774663925,72.3260000000008,167.6919,418.600705652174,123.940731,158.754812,333.750324999997,421.18958,288.418147,296.471603757407,536.8878,101.601646382979,97.8827065,840.71,96.0,696.0,224.763850353591,179.005500000004,77.9500272000003,236.2,64.8000000000047,97.8750000000014,161.317070867306,197.0,187.0,24.85234104625
1910,132.539419677372,57.7,39.9,43.6,88.8,497.225614969644,169.88292,264.1,348.872313576453,597.000000000001,178.7,43.3,70.0,69.3,44.5,80.9,73.6,70.9,41.0,41.2,58.4,24.9,14.6,39.3,263.540875601675,371.0,115.49435,139.472841397005,232.997643024477,722.459829297012,353.146380601287,48.3663999999994,217.400989,321.042816134783,165.059496,110.914276,276.78814075,262.688719,379.1808,453.216256963751,418.291361,114.075064606383,65.24102575,394.429,107.0,642.0,144.367816304432,164.774399999997,88.2273409000001,279.9,97.2000000000003,143.140999999999,208.833885952856,142.0,93.0,19.616853564
1911,485.377597795656,54.3,37.8,46.0,84.3,459.277160382321,223.6392,382.3,472.979232744043,243.000000000002,73.2,55.2,38.4,51.3,36.7,91.8,78.8,85.8,41.0,19.4,76.2,67.2,34.1,65.3,402.487279879276,269.0,121.573,88.3124978277965,221.99368513028,838.617220612291,275.970776569572,98.0056000000006,182.689537,461.799618906522,184.582089,133.639416,299.235493681254,296.122621,275.030655,198.524239558066,479.404734,113.87345081383,97.84037125,736.904,131.0,627.0,278.400454201916,266.774800000001,62.2036157999997,241.2,97.2000000000003,149.132,222.968779819469,205.0,216.0,11.04318047525
1912,647.578022908993,56.3,40.9,44.2,212.6,293.350498309986,167.33036,399.3,463.548385484756,424.999999999997,114.2,67.1,74.1,61.6,47.2,83.4,97.5,102.9,41.0,63.1,89.0,44.8,26.7,75.5,278.410553954822,329.0,109.4157,177.634166987041,231.207234818658,351.52419697653,470.25819078994,171.828,280.707717,445.506307640001,194.381942,141.107118,299.838102962497,465.324037,275.643861,306.248128048785,263.022889,101.101113803192,97.81497025,534.45,173.0,644.0,325.826129429986,265.679800000001,93.187813,279.0,131.05,200.168999999999,206.703043665533,166.0,196.0,17.625737028
1913,216.29407288357,61.0,50.1,31.3,146.8,393.512764041068,185.6178,254.7,487.352730907525,384.0,145.1,28.7,35.7,64.1,112.6,69.4,83.6,50.1,41.0,26.9,40.7,19.8,36.3,75.2,238.276624854415,256.0,130.84502,102.45357114768,288.07174123631,517.154612514329,164.252379520879,128.905,181.365015,446.639822157827,213.91131,164.373262,336.61188830625,476.869379,278.425968,270.233948780483,328.767876,152.845991776841,97.78956925,560.536,110.0,857.0,301.721781014529,244.881,108.5395643,227.2,111.3,147.891,234.430444523892,212.0,223.0,6.278544408
1914,329.537080413187,60.0,69.5,30.4,164.2,274.052437140682,154.6815,375.5,577.326833967274,398.000000000003,128.6,62.2,66.3,66.5,70.5,74.9,80.9,40.0,31.6,29.5,48.4,73.7,98.5,69.8,317.161833850468,219.0,100.27144,101.836380960044,289.450074926436,594.565157154794,381.182698630915,78.1049999999997,216.192345,414.191578063914,194.208981,164.495748,298.752314312503,414.87468,294.974909,262.472362489361,419.783923,146.310590825583,97.61315725,517.384,159.0,643.0,181.654467767884,244.62,123.8029096,255.4,67.45,108.971000000003,174.68713323099,200.0,165.0,17.373548959
1915,278.737821638087,52.2,74.4,53.1,87.3,310.123517843014,266.81592,253.6,426.717438946066,448.999999999998,131.7,33.4,28.3,56.1,67.8,74.8,37.8,70.0,50.3,64.6,38.2,48.6,16.7,54.4,367.928857920492,325.0,117.9664,138.867792218243,155.425582581971,565.032621744375,304.429926528134,130.810000000001,331.031336,334.399239068479,129.822099,154.935603,280.637231524999,366.639771,311.571227,462.181734856218,309.783029,119.527608558139,81.04804125,376.235,140.0,560.0,181.525761018108,230.610600000003,130.22623655,284.7,79.4999999999993,188.409250000003,188.460077828236,163.0,185.0,24.365951081
1916,320.246724195713,49.5,61.2,49.8,104.4,346.014808289201,159.34595,378.5,351.29565101186,381.0,94.1,47.4,47.0,89.1,67.7,118.6,89.2,59.9,41.0,25.1,58.5,69.7,52.4,41.5,276.404580667573,258.0,100.27144,125.35204756447,270.878043923765,671.65777768853,383.512593115721,129.912699999999,157.920076,508.964520236088,100.196833,168.902234,292.489920139097,372.195609,462.577881,411.544890194124,471.929232,92.8032718186042,80.778717,620.272,183.0,847.0,236.526385158027,216.3245,90.9315995899999,357.0,47.700000000001,98.6450000000007,212.105776231136,215.0,212.0,18.8675025295
1917,248.646265693938,50.2,48.7,38.1,132.2,281.794885741342,226.03525,402.3,491.104191729624,344.000000000001,94.2,21.2,30.4,78.7,119.6,57.6,62.3,57.0,41.0,59.2,43.2,59.5,45.0,70.2,283.810779004874,439.0,120.10888,74.927369082734,226.356102403306,759.330754555652,412.912752226706,157.0035,264.775264,429.653607749783,171.571061,225.130651,373.619527101463,353.640083,161.469328,280.564534589271,652.793544,132.300664534885,131.8837201,526.342,149.0,552.0,173.311235213597,242.5073,61.5651193999997,270.5,47.6999999999998,111.08625,257.894546959225,146.0,176.0,4.981215084
1918,212.753186613195,41.0,40.9,18.3,138.9,326.71853621898,193.7445,267.0,547.622496225053,327.999999999999,129.1,67.9,25.7,30.4,65.0,120.3,138.0,61.9,34.7,58.2,78.5,28.5,59.2,86.0,255.792761133496,400.0,84.9537,137.366843318346,171.354273490213,516.173928884212,276.095614892753,105.1376,224.01777,540.339871304348,213.901059,140.186522,321.834134876308,367.264846,324.580479,336.122026925573,302.092229,125.169860347383,102.4177096,445.776,238.0,775.0,273.754050771851,275.270200000003,81.9810150000002,298.7,87.1500000000049,145.5335,205.961100041597,280.0,226.0,24.138286208
1919,366.373973756467,35.2,47.7,22.1,137.9,507.125604189903,191.73872,496.4,422.471010969052,472.000000000001,142.0,55.7,34.9,85.9,98.7,57.4,129.4,61.5,47.2,58.2,75.8,83.2,40.3,46.9,359.225252337075,362.0,118.93518,185.79573033099,243.308127103444,613.306903406319,411.257093661362,131.523700000001,257.556222,443.543285450436,188.042254,139.861152,333.424237951249,347.699059,324.644954,348.410277554288,377.776721,84.2738960520839,101.9764488,571.899,95.0,672.0,218.81055704098,234.455999999999,92.082481,300.4,51.3000000000011,201.889670899998,330.67543557681,196.0,243.0,35.426398992125
1920,392.721266929502,38.5,82.3,38.7,146.8,541.794856000397,224.07567,371.5,339.124562003482,410.0,100.7,34.6,25.5,65.4,41.4,123.2,72.5,61.3,43.7,58.1,70.5,54.7,52.3,88.4,386.285443113059,219.0,118.93518,123.875503282366,168.213611184046,707.184990551681,421.513243405661,78.6625,260.539527,489.756904732175,209.941417,167.347345,347.243167072479,471.053794,366.679823,252.941472903233,315.737106,84.1412704270839,101.3707332,459.342,138.0,635.0,179.587916801095,314.0249,97.0273855000008,306.6,94.0500000000009,155.261842350001,193.77667897271,218.0,243.0,9.874706299375
1921,321.470631862422,57.2,96.8,62.8,145.3,369.257401968962,181.08692,448.5,725.071207176659,338.999999999999,150.3,27.7,46.3,42.5,64.3,84.9,135.9,61.2,59.6,57.8,55.3,38.1,57.2,72.7,417.424302316387,328.0,92.35236,160.978311028773,260.462412817931,612.795308863844,334.274254373835,102.401299999999,173.133993,468.363610218696,160.096912,166.713113,288.154574313752,448.954878,337.9231,273.564900777365,607.316528,119.965491939584,124.675548,653.817,96.0,635.0,234.076001764759,345.7626,86.6639293000001,288.2,153.900000000003,108.194736800001,168.056769118851,251.0,207.0,18.739900722
1922,202.456071531512,53.7,65.9,66.6,149.5,413.385186925274,238.12637,285.1,377.779790549231,393.000000000001,192.9,30.1,57.6,89.5,46.1,87.3,132.1,61.0,44.3,75.4,55.1,54.5,69.7,90.3,281.683461766453,254.0,119.0552,102.408174107902,200.83702906749,543.610679619702,385.939043859695,255.651,224.475332,403.867573473913,122.976525,207.461489,441.606518715038,478.479174,338.338235,311.707807810003,355.083665,119.67798365625,165.231805125,520.925,108.0,654.0,170.209773274807,218.448600000001,91.606033,256.8,88.3500000000015,108.574999999999,276.636638979599,165.0,174.0,25.9374019105
1923,271.024379931555,42.1,64.3,49.1,105.2,528.818634585758,150.54912,350.6,606.624036461994,340.0,182.1,27.8,36.7,64.1,111.8,73.4,174.2,60.8,29.6,81.4,37.5,47.1,58.6,43.4,302.453284873384,511.0,119.0552,138.19399481495,318.718042490505,689.680321340058,299.199427369656,155.106,179.328674,401.11993320326,215.038814,132.933273,323.529663638875,305.836972,320.213124,351.475992239159,405.511888,131.759965081158,130.0594996875,568.945,96.0,843.0,177.824869438307,251.013799999999,86.3662511000001,276.1,102.600000000002,172.252368600002,167.887098457322,176.0,158.0,19.397424536
1924,359.593354227741,80.0,61.2,56.9,114.8,527.205483933864,188.1864,436.7,416.40517486233,372.0,216.4,57.9,20.6,73.7,72.7,170.3,66.0,45.8,29.8,40.2,52.1,60.7,27.2,81.0,427.420628652665,183.0,119.0552,152.073741019071,217.862537556141,698.774369304694,388.004973679926,180.5477,184.817092,445.379213044564,169.327408,132.504939,302.461556299304,453.50081,380.963193,462.735026015246,528.905196,132.596816008696,163.1089259375,530.731,126.0,623.0,285.851748565603,131.997199999999,71.0151661999995,336.8,51.3000000000011,240.374999400002,154.540452000682,189.0,191.0,13.96249707475
1925,289.431540587331,77.7,65.3,42.1,107.0,294.134653105394,188.0594,328.1,415.404836528307,495.000000000001,164.2,41.8,29.6,71.2,69.4,99.6,161.0,74.7,38.8,70.0,44.4,55.6,42.3,80.1,364.74164133738,401.0,118.64984,112.394507862663,231.65555165474,650.457024666487,387.039721003222,150.825,253.744889,386.746888644565,225.445833,165.147155,370.852704358603,489.400957,372.979061,367.152582051281,391.949244,60.1533241826093,126.4751153125,391.082,96.0,764.0,184.0628254009,243.983200000001,60.7896858000006,222.2,82.650000000001,156.83708385,197.305733962334,144.0,141.0,9.57638430875
1926,178.921390965341,55.0,71.8,36.3,134.1,506.898367796662,250.6612,497.2,504.287765949588,418.999999999997,154.4,34.8,47.7,58.9,97.9,91.3,95.0,94.4,41.0,64.8,31.9,43.7,34.8,93.0,302.119095536876,358.0,94.1632,185.089945370312,237.397321049685,776.423085793705,278.608166551352,125.1994,202.99444,480.234919782609,298.999883,131.896164,361.427432183811,483.356864,327.663478,349.502654959487,346.792718,84.1032016086961,199.171996028917,409.342,120.0,901.0,252.910969383289,236.8998,80.9360944000002,332.1,85.5000000000018,199.226667299998,216.823958313419,230.0,257.0,18.006460632
1927,430.714004744719,57.4,55.4,42.0,107.2,372.494395642759,210.94008,413.2,535.508115634474,272.000000000002,147.5,65.1,34.1,51.5,48.8,80.2,68.2,94.9,41.0,39.7,68.2,41.4,87.8,76.0,364.49704142012,281.0,117.704,90.0934502299231,223.432772752645,697.845583634847,185.511847595341,101.371,305.61402,406.363229439129,225.815236,207.616478,372.676844007616,397.902637,319.143385,372.577812952311,422.737798,119.964181826086,143.165011901683,682.817,150.0,634.0,252.694102095193,327.7414,50.5166175999999,245.5,153.100000000001,185.225001,185.294720594629,221.0,206.0,27.8862677595
1928,245.304203157809,51.7,54.4,49.8,121.2,336.287793608526,192.32772,385.8,411.728909534404,462.0,162.0,32.6,34.2,51.4,87.9,74.5,101.6,39.0,41.0,59.0,33.9,55.1,45.3,91.8,229.058211074304,279.0,117.704,90.0934502299231,201.161567399543,474.490335285455,329.486382926489,101.371,152.485391,517.723268397824,160.44936,141.517944,270.190226920254,451.741607,283.738208,297.579926091025,296.028393,95.817033808697,144.245022496944,410.842,127.0,414.0,289.535248297188,241.5795,65.5911834000005,303.2,47.399999999999,73.6700003999995,225.56466040724,217.0,185.0,25.722722477
1929,312.090316977582,50.8,63.8,65.5,156.7,494.357645099106,197.61216,244.1,581.580059122289,428.999999999999,140.0,49.0,77.8,36.7,58.6,193.2,44.0,29.3,41.0,62.1,77.3,36.7,70.2,35.5,270.619776060556,141.0,111.8188,127.245933216633,257.971264838209,494.139724953713,306.637280569041,88.3,95.168158,365.711216006522,133.907837,164.765847,369.197165900248,541.676385,274.353484,248.647663709999,328.497399,89.7020852348657,161.331491416988,513.624,81.0,724.0,159.916769310799,240.882999999998,90.6676759,226.6,116.1,140.5299997,226.050762222753,139.0,155.0,19.388166164
1930,256.876941922599,63.6,66.0,50.3,134.0,422.51251567789,289.86086,301.9,246.626761392794,276.0,97.2,39.7,39.0,51.2,105.7,47.7,64.5,65.9,41.0,81.2,26.7,36.7,34.5,103.1,280.950691734657,461.0,118.4748,121.484369986269,254.498534472835,571.08090304592,213.963271669377,103.850499999999,131.574338,428.246960302174,200.818743,140.86397,383.742525501743,502.726648,288.102278,286.321632840001,314.481897,109.471370009433,88.9626245649192,360.409,86.0,710.0,296.83652052916,279.090499999999,110.567273,284.5,64.8000000000002,109.364999399998,194.703595083206,237.0,263.0,20.092240572875
1931,188.746876941852,66.3,52.5,56.0,101.5,368.7673988858,183.8289,460.7,497.953500266455,591.000000000001,157.7,42.1,32.2,39.0,47.2,85.0,61.7,61.1,41.0,65.3,58.3,78.0,36.5,77.0,374.459232642257,249.0,118.4748,175.08041556845,268.680348946293,1035.23747110441,470.651732300576,179.434,318.710644,484.192846486957,152.767535,100.178381,352.571969761549,409.012048,355.951567,409.587216974445,399.973051,174.790951930189,103.017243971349,394.909,159.0,772.0,286.153282498153,226.5484,80.2514980000002,263.3,145.8,126.908333099998,312.391368833577,197.0,194.0,7.296403417875
1932,455.930348879152,77.9,56.3,51.0,119.9,481.627712439771,214.46705,377.4,488.407587015151,321.000000000001,100.2,34.9,48.3,55.9,90.1,55.9,53.8,39.2,55.5,80.7,78.2,32.1,27.3,66.6,405.491623147992,244.0,91.81797,117.678151461635,272.698439879444,773.439857018861,341.132536319085,125.001600000001,186.939766,331.669421520653,164.607792,106.451793,524.463287274444,418.918094,302.445152,312.887455561109,284.511963,87.2498133849046,153.315914474336,555.557,153.0,798.0,210.725697040558,226.056000000001,80.1072630000002,271.0,97.2000000000003,180.023333599999,153.028681541746,182.0,204.0,20.242116928875
1933,459.710351086785,78.6,70.8,55.9,187.5,471.412249380271,204.77928,340.4,414.157514593322,405.999999999999,173.1,59.9,27.5,38.9,50.4,74.7,68.9,51.3,43.3,38.7,46.5,57.5,41.0,69.0,197.508308264165,306.0,167.85121,105.793198249407,230.050993834358,599.372339394,292.83018359824,148.7889,213.511729,435.415792321738,229.020209,176.970214,325.548636975482,451.697516,397.524524,319.875951249561,397.343568,141.581107095283,170.475807292993,844.246,116.0,768.0,180.524428361955,270.614999999998,59.9846790000005,239.8,64.8000000000002,71.5899996000006,240.508396572902,210.0,200.0,1.8116535465
1934,238.669856766701,60.1,72.4,74.3,161.0,435.187742764168,126.48132,486.6,445.426703891766,405.999999999999,185.8,72.6,72.9,113.9,65.5,96.3,71.5,94.6,24.1,43.0,26.9,46.1,38.8,32.0,436.415161176056,340.0,104.1192,97.5648383855673,239.78339912287,889.201893887396,292.20695418851,152.011799999999,275.211424,451.294897826085,229.551655,175.99199,390.845774684091,449.63936,326.994511,369.020946590791,461.874335,121.255678537778,156.02303538376,705.486,141.0,574.0,233.048512042988,186.366499999999,69.8769499999994,339.2,118.8,89.1499994999991,228.199347737152,225.0,216.0,9.037557157
1935,376.165999072371,56.7,61.2,67.1,102.5,459.932100610748,196.79352,342.8,403.841720358065,447.000000000003,138.6,53.7,54.2,70.1,105.8,107.2,87.3,38.5,41.0,49.4,68.5,62.3,61.6,73.8,477.722791751569,243.0,121.4724,48.7824191927837,161.478937215175,647.65615886922,367.906702470911,129.105600000001,218.042059,392.276866521739,161.532769,213.933478,434.746669863225,445.450988,268.730099,327.156135038839,317.858407,84.7706409200002,131.25600711039,654.945,128.0,731.0,156.256861120112,275.5645,89.6731606000007,289.7,113.249999999999,47.3949998,189.427808846473,202.0,204.0,34.730831322625
1936,315.11523736264,68.4,76.4,57.3,153.7,458.507570799962,208.7204,306.6,475.364049541554,442.0,106.6,33.4,67.3,62.8,88.2,149.5,72.3,45.6,41.0,48.7,78.2,41.5,36.5,41.7,280.32090608778,208.0,115.688,146.347257578351,200.897304286298,1004.67149030699,377.755664773555,151.978799999999,223.020049,404.251125619566,256.446099,153.631314,270.33035137317,394.494723,340.05612,369.262258080504,397.380432,108.785919853333,162.751933090032,626.231,140.0,853.0,215.694038204561,261.7521,74.5786647999993,231.3,91.7999999999984,100.4135261,222.501077779668,220.0,183.0,24.082569928125
1937,398.343048044927,71.7,83.2,41.8,120.9,319.21684186891,133.1278,410.1,401.527603773326,420.999999999999,113.4,20.2,44.9,62.9,102.9,106.2,49.2,28.8,41.0,48.7,61.0,41.4,66.4,39.1,373.620152844607,240.0,86.766,100.206859548538,229.86503885156,811.025638100544,416.372720123651,122.519600000001,222.229756,401.059455796737,148.742023,180.8595,337.815742549794,326.448491,344.349107,288.362533085407,385.819539,96.3048852888884,148.855109863713,951.053,55.0,869.0,200.66163654006,234.963000000001,59.5671942000005,261.6,91.7999999999984,88.7028846999991,196.455460851567,179.0,242.0,25.037731291375
1938,201.326996941543,58.2,70.2,60.9,126.3,430.279660893513,281.7247,354.0,537.132950747819,457.000000000001,128.4,51.8,56.3,92.0,89.9,128.9,56.7,63.0,41.0,48.7,68.0,93.8,43.6,31.7,414.954064270725,342.0,114.9214,82.8970741969749,261.220161647773,675.733438236088,339.433353237978,98.1406999999989,183.374788,284.928802651086,134.766251,125.153516,353.784747510702,422.016614,322.560217,383.208011277839,315.977556,107.879821435556,163.248509677384,595.884,116.0,603.0,335.870241170695,240.029099999999,64.4330016999995,243.2,91.7999999999984,106.727884499998,281.613418390598,217.0,197.0,20.14683376825
1939,330.016699911178,65.7,62.1,64.5,126.4,506.082699530402,208.45321,475.7,583.504395681081,340.999999999997,100.9,31.8,51.9,36.3,69.2,101.5,43.6,59.7,41.0,48.7,31.4,50.1,69.1,48.5,311.10552447992,305.0,114.9214,155.939251461442,227.736416326249,684.777587702204,309.777923003945,98.9904000000005,264.876041,473.81378552087,188.518381,170.353776,389.618939753794,497.499385,269.940047,372.418145861928,450.789436,132.838438825555,128.700327500876,768.765,122.0,886.0,160.499371798742,157.4346,79.1578466000001,352.7,79.4999999999987,130.870192199997,247.952737110482,213.0,181.0,27.26418527
1940,347.553082007478,58.6,56.4,58.8,99.7,410.365519390771,197.66886,431.8,653.469124950518,446.000000000001,79.7,25.1,33.9,48.1,68.2,39.0,71.3,59.7,41.0,48.7,50.6,43.2,55.5,38.7,414.628208853253,265.0,103.42926,168.733339884141,130.269232586095,751.853264720638,337.666437059975,100.8012,220.189358,429.894107198261,197.086037,158.321368,379.596287928119,423.887171,484.435928,372.306678655461,283.084746,97.6062418745091,128.37805962531,400.929,128.0,601.0,226.003191998092,226.486600000002,69.1298839000003,272.4,96.2999999999994,71.5788461999985,158.77544911727,224.0,244.0,11.480897652
1941,256.003819864292,39.4,80.0,47.0,148.9,409.151033967592,189.08615,449.3,483.282940608167,559.999999999999,103.1,43.6,56.4,40.6,86.1,96.3,93.3,59.2,56.5,48.7,81.5,45.4,43.8,55.3,300.511057205438,131.0,137.90568,118.902049875928,198.581147234902,645.831756558367,200.830244886643,125.5362,268.055454,471.410172703259,213.524364,173.761572,337.945725154695,556.534019,265.530525,380.649454411767,409.936338,118.925541494118,183.057333320942,529.731,146.0,631.0,196.703737352666,364.268799999999,78.8553498000001,334.3,129.6,131.589423099997,290.313513860501,230.0,239.0,27.585942947
1942,210.21687317524,36.9,89.1,29.3,119.3,569.106331021564,187.57777,360.3,394.058782592657,344.000000000001,79.8,27.7,56.2,65.9,30.7,112.3,77.8,58.7,25.4,48.7,88.3,56.6,43.2,86.2,383.260223019153,243.0,89.48688,82.4546878536592,311.145606846796,809.18571401616,343.292293822656,125.4864,356.416839,491.581763673913,270.339128,141.641444,457.91102955,573.315265,188.27757,336.917946048736,393.092071,119.155427251961,164.741714716219,488.557,178.0,561.0,248.968482715818,175.276000000001,78.6903550000001,390.3,81.0000000000002,107.233654499998,167.473652539461,225.0,192.0,5.5721714265
1943,253.912145986773,56.7,66.9,48.3,105.1,330.121933362849,238.56895,307.2,552.215635494419,355.999999999998,166.2,22.9,31.3,58.4,121.0,65.1,60.1,58.2,27.4,19.9,47.7,58.8,62.4,36.0,362.401261344651,212.0,117.45153,164.311877969249,291.86657538045,948.520728878616,281.823591675704,75.4125,197.976172,349.836962315221,185.500535,122.436414,281.041230672796,253.877998,237.884693,404.333279617144,386.050199,144.5597208815,95.3767814411124,717.765,132.0,605.0,372.954578661841,262.029599999999,107.917066199999,258.0,147.299999999998,59.5619999999987,204.891290500426,196.0,205.0,15.586221948125
1944,278.075695373893,66.6,69.3,50.2,213.5,438.909123385605,207.07505,474.7,470.835888242144,536.000000000001,132.1,36.5,31.3,57.8,80.1,133.8,84.9,57.8,35.8,39.7,54.7,107.2,48.1,33.6,403.644404020763,214.0,139.82325,115.353136602614,240.541797545401,770.0395042171,227.863717376805,75.4125,213.922432,461.03862669022,248.944085,137.314597,462.577046417519,503.770138,309.286375,315.556400803179,366.784653,120.144907232609,95.3767814411124,622.272,86.0,707.0,319.987537102025,205.166100000001,97.8325988000005,269.9,76.4999999999986,165.188399999997,257.001159223287,199.0,152.0,20.7811106385
1945,137.999122179581,70.8,75.3,33.6,108.5,479.430301799193,177.5994,362.2,477.273926448784,315.000000000001,136.0,38.6,57.8,48.5,45.3,76.1,47.4,57.3,67.9,24.3,49.9,63.3,85.7,79.4,403.470409818721,345.0,111.8586,61.3794474433189,234.280698866359,470.788007446188,415.042946102843,69.7697000000005,228.339144,412.256978306521,185.947634,136.782763,336.660342482205,385.369214,318.478917,264.167414100004,393.660616,132.438948456522,95.3767814411124,736.966,143.0,530.0,198.922102025926,260.325999999999,87.8158375999999,236.6,91.7999999999984,174.383999999996,163.53086157424,180.0,237.0,14.585802404875
1946,131.275515696049,69.2,74.9,34.7,127.8,477.644758796412,118.7546,421.8,388.64700913804,475.999999999999,95.2,40.6,57.2,104.4,84.3,130.9,52.4,58.4,22.4,55.3,47.4,70.8,32.1,76.5,403.296565555274,236.0,97.90002,178.347828420209,180.474518230023,913.125085486078,314.823361387054,111.983299999999,230.011232,402.75224802826,183.620483,121.013015,380.53842181864,457.360073,332.582792,259.515360857055,245.741755,143.929139243479,95.1983677601135,719.012,126.0,653.0,142.001821013624,259.444500000001,77.8693258000001,330.0,61.1999999999989,189.174769399997,239.403226822529,210.0,214.0,22.137491408125
1947,275.241228252172,59.1,76.4,44.4,191.8,642.432003041667,207.82055,403.7,474.512726345828,364.000000000001,78.0,33.6,36.9,76.9,71.5,87.6,64.9,71.8,51.4,64.3,40.2,83.4,42.9,65.9,330.793387264768,234.0,125.09447,72.3814238718376,199.647590052162,633.659824553427,264.658634761011,112.125,171.400351,450.296614999998,167.357365,107.79911,312.80991298809,369.018767,347.436579,323.455883253751,349.141863,95.4801936695652,94.849675134811,666.859,137.0,772.0,240.70413358699,270.845999999999,77.6879426000001,311.1,161.399999999994,134.452173899997,181.855425237455,164.0,187.0,22.183290237
1948,292.557024457388,53.1,68.4,48.0,96.9,448.507556452494,184.21428,354.3,386.16623051734,388.999999999999,78.1,35.6,40.8,72.4,63.0,139.9,47.4,61.9,28.3,40.0,56.1,40.6,49.5,37.2,444.312239721952,166.0,114.21669,106.892498847487,189.899179477792,787.301345747597,379.758806694211,95.9582000000003,171.139029,359.305558145652,212.107158,141.980905,341.303089288509,406.739477,300.817039,311.764963135002,266.935636,79.6970630215629,125.923822733371,604.512,126.0,884.0,205.133688380625,171.856000000001,101.6718207,218.7,148.5,82.7608694999982,226.65842279439,173.0,212.0,4.099021882
1949,303.36995862681,44.1,59.0,44.5,130.4,405.541386930649,208.2808,337.5,392.948858438292,398.0,115.6,35.5,42.4,32.8,51.6,133.1,112.3,43.2,53.6,49.0,96.7,34.1,30.2,50.7,320.19280426924,404.0,141.41114,94.7324196370209,217.47459282918,556.690270874364,339.973733349393,95.3835999999995,277.813146,285.716066302174,235.906409,125.584234,366.50853013855,416.55744,301.98407,286.745930302498,319.097778,97.4863747054057,126.244917222399,597.925,150.0,682.0,127.272301837075,226.514000000001,86.8972684999998,225.2,69.7500000000002,162.586956599972,189.129570407531,173.0,153.0,4.267308416
1950,258.420831908257,48.4,52.9,40.1,163.7,412.406786571759,221.45936,309.0,470.460761948024,277.999999999999,118.0,50.7,54.4,51.6,32.8,145.4,59.8,58.6,33.2,33.5,65.4,34.1,49.4,71.4,412.958125420387,363.0,88.6092581,153.651363557607,458.16290563932,739.127661307678,272.65600202278,96.425,209.156989,423.841658465217,199.049584,93.946986,323.071558204804,305.780117,352.390907,267.929564607501,269.476245,138.587681998648,143.509302504301,638.904,95.0,698.0,197.900121985052,280.9836,81.8421182000008,274.0,117.6,95.7241304999998,278.504408392233,263.0,196.0,25.6045300965
1951,281.683922835319,67.8,63.9,42.1,154.5,451.995507374936,212.7496,531.1,382.532538733428,624.000000000002,100.4,26.4,47.7,68.1,65.5,139.2,91.9,58.0,30.5,58.3,62.7,42.7,34.1,80.9,392.15379683994,394.0,130.3077325,171.874555471067,301.418745101914,1045.05848522074,317.098629592146,74.9823999999997,246.074315,418.980427704348,180.540883,173.115755,310.692110770202,463.839512,344.856869,340.92730052,486.523142,96.5886486364868,125.049137840418,603.185,150.0,537.0,288.385926710924,243.821099999999,72.0333164999993,227.5,63.7,116.234999999999,210.613934957586,243.0,237.0,20.321223399
1952,359.495212682234,71.5,76.8,34.6,126.3,409.372465367827,347.59253,278.5,647.76912476451,398.999999999997,54.3,37.2,49.6,60.8,91.0,71.8,84.3,57.4,59.2,67.5,83.1,58.0,75.9,65.0,237.291314950291,325.0,114.6708046,125.519039411225,272.431833806857,852.698706026747,333.391755533761,175.154200000001,238.060481,373.953119860869,238.702992,235.933192,344.510244607851,351.353455,292.807472,414.113873240556,305.026509,82.5204489108104,106.95344377895,601.904,117.0,790.0,119.490604053833,279.2296,67.0735226000003,257.7,73.5000000000048,78.9750000000002,248.481884114049,243.0,243.0,8.148437526625
1953,326.636158042891,65.1,68.1,39.5,143.5,440.486313275465,153.26246,498.8,457.488161855777,383.000000000003,190.4,28.4,39.1,51.2,107.1,141.0,47.0,56.8,41.0,22.6,111.1,80.1,72.8,60.5,371.264502519629,285.0,134.3903465,116.51318904988,207.592150907503,833.723440310245,373.611515608666,144.977599999999,266.683278,384.175501147826,247.089838,134.325699,380.256971387281,474.146516,420.907995,337.366393125,351.044238,72.8686741350033,119.834053570653,547.102,133.0,681.0,231.828414328373,229.393599999999,62.1419240000003,347.7,63.7000000000006,78.7500000000002,191.110190292319,205.0,218.0,12.2975151615
1954,270.214801352221,68.8,58.4,65.5,210.5,398.202321952937,319.00075,244.2,666.305211140092,414.999999999999,121.4,30.4,51.2,131.1,67.4,86.7,123.2,63.3,41.0,57.8,56.1,67.6,50.3,78.6,340.174304188925,251.0,135.411,162.26170672199,172.717299934225,564.537193553122,241.535526862962,144.4,177.786458,392.977870817392,147.700041,117.18442,251.315995035515,287.949823,213.259577,243.112929672222,195.784167,84.3572757176466,184.840570620238,659.859,123.0,669.0,168.467250055903,162.3078,100.0938118,203.7,96.0999999999996,78.5250000000002,158.904295334346,156.0,194.0,26.005357989
1955,280.661044119094,68.1,62.7,76.5,141.5,332.080536589104,188.7963,342.2,655.427475724648,570.999999999998,87.2,49.9,32.7,95.2,67.3,97.0,88.3,42.1,41.0,28.0,68.1,52.1,51.0,73.4,474.097208666798,198.0,108.3288,157.458703286959,207.865126151176,847.37361624459,213.439515057693,146.2,173.714307,295.52788882174,144.287393,94.49169,233.452895260989,305.790368,304.963488,305.347018189714,408.449435,105.076389318628,168.996731694901,512.342,167.0,827.0,131.656158410844,251.713000000001,99.7278747,234.1,107.099999999995,62.6579999999996,213.500286798161,189.0,123.0,34.8154436295
1956,231.240818654271,56.1,76.0,67.9,134.5,451.974907692324,196.20962,469.6,528.498905139911,295.000000000002,157.0,32.4,65.5,42.5,85.9,112.3,146.2,65.5,41.0,57.4,116.7,51.8,84.3,38.8,288.490809038752,328.0,113.74524,116.936242882227,235.867066787319,1137.95037960952,199.234218963,170.0518,260.97195,430.390735280435,189.72123,147.558949,374.001452160952,361.011094,298.152351,379.483830694287,308.29796,94.4231113205876,184.380179575894,611.098,84.0,875.0,186.958718126152,209.085999999999,75.7292846000001,318.9,110.7,109.288750200011,243.060434105414,215.0,203.0,16.8234820125
1957,259.72652211608,49.9,69.9,50.3,137.1,602.400762434253,216.57597,313.4,673.040137505607,423.999999999999,131.1,38.9,47.1,62.3,48.8,49.7,133.7,84.5,41.0,53.4,60.7,51.5,49.6,95.3,401.63838502048,519.0,108.36861,152.774478762319,272.540396161889,554.369425173117,273.968159792931,65.3085,200.143941,389.88329775652,177.337912,176.410273,248.328744745553,490.546605,348.600353,281.109622432432,260.740574,115.735266932353,115.081541592067,580.817,195.0,687.0,249.070072496577,273.798600000001,84.9326943999999,247.2,63.6000000000001,108.500000699998,193.774649589278,189.0,193.0,7.9958260125
1958,246.397899314965,82.6,46.7,41.5,135.9,503.33109992363,210.83509,325.9,715.821642320718,438.000000000001,141.8,36.6,47.2,99.2,83.6,91.7,145.5,89.1,41.0,53.1,54.2,51.2,21.3,47.5,350.009748488984,348.0,144.49148,119.355456519611,112.436820235634,745.30642580972,347.925418606659,131.1849,238.475108,409.439793450001,222.702795,234.135258,327.169125325379,407.05685,264.116109,297.996548648649,354.619879,73.8428658401958,199.464258358833,443.95,153.0,773.0,233.143086479895,278.4532,56.4618796000001,219.9,43.1999999999999,76.9375004999984,175.993986352592,232.0,221.0,2.597562714375
1959,485.207824490931,90.2,41.4,41.8,138.9,556.39414489381,208.69632,415.0,520.458812353252,436.0,141.8,34.4,67.8,65.8,75.9,98.6,49.3,47.9,41.0,53.1,76.3,50.9,54.3,54.2,391.019644527599,467.0,129.01025,125.039049687211,195.063050987012,773.690264076948,339.748447468096,87.4223999999999,253.864702,392.409687808697,226.592149,144.715743,350.963424998221,364.199799,349.172911,290.925609896312,259.741121,97.602836788235,226.55728090623,607.664,93.0,633.0,212.451458928402,242.1562,75.0790176000001,275.2,101.1,122.125000799997,280.068336554695,169.0,182.0,32.04334232
1960,288.749233276147,44.6,52.9,59.8,156.0,624.271622679516,188.67974,469.2,525.911154975346,551.0,102.8,49.4,67.9,54.6,63.7,70.8,127.5,60.2,41.0,53.1,47.4,50.6,36.8,76.8,411.407199625992,187.0,118.89535,125.039049687211,240.776059368419,820.548516384711,196.591588471886,89.5859999999997,268.076098,632.670770173913,143.816991,144.253243,408.280914571178,503.957384,395.717623,401.32961378267,421.262292,132.176861733333,123.933536339284,529.995,99.0,661.0,267.084766230576,189.5614,116.7650691,254.3,61.25,90.8062505999963,148.627628240286,202.0,245.0,7.141645179375
1961,367.409982250169,37.0,67.6,52.2,140.1,393.017992698569,218.21202,352.0,439.777993032723,305.999999999999,74.4,32.0,53.6,50.1,85.4,108.8,79.5,60.1,41.0,53.1,64.0,50.3,44.1,74.9,472.860369130131,219.0,108.70125,96.1504607398848,201.083323000437,601.54296563193,418.148436938222,112.266,140.758355,385.686804397826,219.28971,114.397457,326.086986646646,334.449696,307.729231,277.741161621621,285.873059,120.790314146667,151.457093279277,483.169,104.0,985.0,244.778459258356,225.9016,93.0343860000001,279.1,29.4,119.6715912,198.429596433344,193.0,156.0,14.49669546
1962,255.603054870522,49.7,56.2,44.7,124.4,438.294732134257,223.7283,334.6,590.190076297387,563.000000000001,133.6,38.1,49.7,69.5,77.9,102.8,92.3,59.9,41.0,53.1,48.9,50.0,53.5,82.0,482.876712328766,155.0,129.40625,152.858869935715,175.947907625382,1163.23963634213,315.721156999022,112.5537,192.875609,322.92297373913,185.965754,143.445048,292.490445474287,422.278184,325.72144,423.678300974611,345.79239,161.891578586667,199.833446704217,769.855,95.0,600.0,149.507859849671,237.987,120.3509558,250.3,73.5000000000002,84.8688013500004,220.336170295955,177.0,180.0,15.418015611625
1963,225.499192630844,63.1,53.5,49.9,129.6,475.136709636647,240.36656,402.7,594.887506060968,409.000000000001,140.7,39.9,56.8,99.6,39.9,120.7,130.0,59.7,51.0,53.1,85.1,49.7,53.8,57.0,379.95954566672,254.0,125.67415,153.954632444213,392.568556737579,905.214481900054,314.435057659435,92.0003000000002,222.351598,461.759952674999,197.740125,173.316884,252.911690476337,384.104198,393.343278,328.734935757576,285.213265,78.8557015577791,205.402975285871,664.338,85.0,525.0,217.355566564817,242.806,82.9152054999999,255.0,171.5,84.9123962999956,225.863037524671,213.0,171.0,18.7785464315
1964,280.695315451436,57.7,62.8,49.8,134.6,495.904407965601,264.6103,323.4,554.174365081175,526.999999999999,81.6,35.4,47.0,40.9,75.2,124.2,43.0,59.6,42.0,53.1,55.8,49.3,52.1,58.4,390.046656298599,163.0,110.46992,80.5671160418956,211.093782044149,857.598744010635,468.688669413448,138.2962,214.331764,447.855466252175,153.96476,95.404868,392.556414866748,531.14248,243.999136,381.494499247415,272.228906,101.139826554444,114.06293159952,541.429,82.0,513.0,227.630029217717,147.4761,82.5704664000003,239.7,70.9500000000003,96.018594899998,210.621848644764,185.0,241.0,14.1002608465
1965,284.236804535976,49.0,75.0,52.9,115.6,385.526709258171,169.791,368.0,619.204575920397,557.0,150.3,33.1,46.9,83.2,44.1,81.4,72.3,76.7,33.4,53.1,123.7,49.0,70.2,61.6,328.345446772125,212.0,129.68208,102.827724926611,252.932347360964,675.936158053677,426.248006239659,169.35,229.663474,372.124638563044,187.273413,114.095572,290.661938922482,403.568953,386.425148,318.818333338235,343.460396,122.066820226666,207.51711055855,623.313,104.0,737.0,401.188283675956,141.0465,114.0325045,281.9,90.0,53.3950415999989,171.22089871193,240.0,231.0,25.598544585
1966,153.77565710387,56.2,71.5,49.9,110.8,391.529119006103,272.00328,398.9,428.502002595783,267.999999999999,172.0,32.8,46.1,59.1,48.1,76.3,114.7,50.7,54.1,53.1,117.5,48.7,63.2,49.6,369.159060011652,224.0,120.076,119.362836472599,376.577897906516,763.663475814567,309.210979202026,84.0756,273.536756,432.362874196739,223.229385,136.630475,401.227287305766,495.554028,345.651247,351.278844257354,264.258985,121.757174236667,191.349726333065,641.119,66.0,576.0,283.788365166125,268.584899999999,40.9034673999999,300.8,94.500000000005,65.2376036999986,188.43228697796,180.0,182.0,20.121922801125
1967,219.770365568479,47.3,60.1,61.0,125.3,511.748633091149,126.57291,338.0,636.05509933743,592.000000000001,111.8,48.9,45.4,46.2,67.1,62.0,101.9,48.3,41.4,53.1,40.4,58.3,61.9,51.0,410.049314642953,309.0,125.284,141.065170376708,253.565818643527,722.35320891792,255.60490130114,114.0464,228.123737,353.08505701413,162.067845,124.885058,325.172558812697,319.442987,291.02486,292.000694825,302.834091,180.275424807733,135.170103164694,389.21,88.0,681.0,309.798081057906,202.8042,72.4789628000001,227.6,119.1,154.1425132,260.433760710841,186.0,210.0,22.616414557375
1968,146.517185559346,42.0,50.4,51.4,188.8,410.220367693727,300.48985,265.0,364.432342463108,273.0,131.1,82.7,44.6,58.5,70.6,94.5,82.5,49.9,33.0,52.9,58.6,51.6,40.0,46.6,491.791826755152,493.0,106.33224,146.572055015674,269.443978563617,655.570534231735,416.767434192962,180.9734,201.451735,396.500079886956,237.845843,146.996147,272.121374634805,400.971487,251.753399,218.800836412647,227.670957,101.919905306122,134.516935242802,1069.59,71.0,600.0,217.343206530092,202.144400000001,85.6699073999998,233.0,71.9999999999999,97.9129413000008,178.575318858383,171.0,257.0,19.502166265
1969,321.787843313812,44.6,49.0,33.8,129.4,317.667256059398,125.09516,279.8,348.218917903421,380.000000000001,172.0,75.7,43.9,99.6,110.7,81.8,71.1,57.7,57.7,53.1,58.2,56.1,43.7,33.9,297.020484171325,154.0,136.71288,97.3730435418815,101.014791533121,769.732264046554,252.945522065181,106.6104,188.871633,333.946464838043,186.992831,135.33272,246.203187940001,387.380625,615.097056,273.903661247647,220.546257,112.060695918368,200.412927436637,676.445,131.0,612.0,284.252185405119,253.7778,80.7517506000003,232.2,58.049999999995,73.1011764000006,228.645036384288,197.0,151.0,12.8980369325
1970,138.970678230575,45.9,50.7,57.4,85.3,466.757651894645,204.98474,423.9,613.782593545098,342.000000000001,121.7,77.2,45.1,53.8,78.5,87.7,45.1,42.8,29.0,52.1,97.4,62.8,24.9,44.4,389.018147975802,247.0,109.8869,96.8605538390295,239.370503941112,880.657523859492,367.454761404027,110.7912,253.852083,442.378940147826,170.048139,162.426468,307.9784868925,356.566207,492.654568,310.072861486006,383.014707,91.732389183673,130.329533038768,606.644,107.0,706.0,251.561124103034,201.247,75.8835387,283.6,144.05,84.9233823000007,168.958976119818,199.0,180.0,37.09720691
1971,257.856025817492,53.0,50.2,61.0,187.2,508.867140620505,245.60596,461.1,595.49153527721,463.999999999999,161.5,39.6,46.3,62.2,93.1,82.8,70.9,42.5,26.9,50.3,84.3,77.3,48.3,67.4,337.687507267722,421.0,121.1975,86.0982700791374,331.004914876152,815.840114480046,346.052825237688,242.612,176.204353,491.233380280435,173.54153,128.349348,356.24514925,504.436317,375.61627,481.45028064394,420.369484,111.873708200001,128.42918933103,704.991,160.0,774.0,205.671909784845,294.407199999999,119.6376106,275.9,78.8999999999999,86.5414706500007,288.212333286098,167.0,179.0,28.580132918
1972,277.376041783817,56.1,71.6,57.3,100.6,386.914587963983,226.99006,449.4,848.724047068925,528.0,102.3,85.0,46.3,37.5,71.7,103.9,39.2,72.5,41.0,50.3,75.7,40.8,37.0,90.0,245.524296675194,299.0,116.3496,143.327639382136,237.358015926904,730.772282650753,356.587774538611,85.4579999999996,311.503021,398.172807920652,205.507154,128.008094,372.293861643751,329.116561,244.817099,363.530033433638,462.754777,79.1788042673465,183.835996572921,775.032,120.0,738.0,288.912588143855,205.8885,79.2599424000002,289.2,125.35,72.1402941000006,194.274858449694,262.0,208.0,27.899388888125
1973,307.015800682897,46.7,74.5,55.6,108.6,444.070870437016,125.91528,357.0,477.499094154212,298.0,152.5,51.6,38.9,60.6,48.4,92.4,43.3,84.1,41.0,50.3,51.4,61.3,31.4,47.8,327.238921599007,183.0,126.0454,94.1517022983737,222.579819623135,701.850602612971,307.070414440319,126.9,194.257648,378.820490239131,207.888347,85.13022,235.004533387499,430.556998,301.683727,252.403787369696,225.168656,118.832245702041,126.050596630706,964.675,170.0,676.0,301.394305812844,182.1072,87.5130583999997,214.5,40.5000000000001,71.8544118000006,147.113148503161,177.0,197.0,17.9767661735
1974,261.777174837014,49.9,66.1,47.0,230.6,360.728094018584,214.87465,305.2,642.245071853341,685.0,57.9,65.8,45.0,85.8,79.7,96.9,41.3,57.7,41.0,50.3,57.1,65.4,72.4,64.0,337.329244494006,337.0,130.08582,136.622307139488,268.221388854181,701.504827332508,223.797799327791,106.6428,197.086521,295.652302486957,179.209003,134.252662,337.738031774016,388.847691,344.701156,319.096957842214,239.184094,98.7603375897959,102.882890304504,915.29,117.0,863.0,155.250853640237,219.413899999999,86.9043392000001,272.1,58.4999999999999,59.6602941000005,191.954577990875,161.0,183.0,20.940659823
1975,191.272117336216,57.5,77.5,52.3,133.9,490.468324136409,173.00666,290.0,558.49606951555,447.999999999999,198.7,50.1,29.6,56.4,41.5,119.5,74.2,35.6,41.0,50.3,86.7,23.1,69.6,82.8,418.885448916409,240.0,120.076,73.1722468949317,198.795400006037,663.51672378895,313.246532967088,106.9536,235.487918,286.658059196738,151.183095,116.699268,264.857824351334,466.681078,245.081134,322.246480610625,252.270419,98.087541828571,187.033309129667,769.772,175.0,876.0,254.419073926309,212.6403,47.5291015000002,185.9,81.6,83.1908823000007,199.565959421512,236.0,154.0,20.098847508375
1976,278.695694136437,65.0,88.4,45.5,202.1,363.858624093943,275.42469,452.4,490.347445152137,296.0,134.7,58.1,73.5,95.5,45.3,50.6,85.5,93.6,41.0,50.3,75.7,56.2,32.6,61.0,316.620241411328,224.0,129.68208,132.775977826002,206.531585477659,700.889226536317,372.978059424571,147.3108,120.26072,432.237831897824,144.423654,130.816784,409.012841609504,399.223394,484.539333,281.738866412973,331.232639,144.594421390189,118.186183151472,817.16,170.0,753.0,123.993563377995,239.068,55.8948922999999,244.8,63.0000000000001,139.747867800002,231.762804694343,153.0,205.0,24.156990417625
1977,250.232792439844,82.7,66.9,53.0,108.3,434.215819194738,63.64462,431.5,616.659323111459,524.999999999999,129.1,71.6,111.4,81.1,67.2,63.0,41.7,36.5,41.0,50.7,33.6,48.8,50.2,72.9,377.682403433476,150.0,114.6829541,161.563079279833,248.957618819262,908.183370356203,123.993862565979,182.1248,221.155687,452.991567456521,182.960115,158.81375,309.704527082831,413.978602,321.536353,354.570085719697,244.076852,197.886881632692,84.0311538263551,851.119,171.0,813.0,173.259711303761,249.062600000001,42.8166292,271.5,37.8,128.9086764,135.187692840419,200.0,193.0,19.141425816375
1978,191.612187921926,80.4,63.8,67.8,112.2,560.513048110584,117.49776,313.7,469.862555689232,423.0,129.8,74.9,46.1,35.7,56.2,105.6,78.4,51.5,49.6,64.1,118.9,41.7,38.8,84.2,346.925366211883,232.0,116.5728267,164.064055739273,298.858440881877,1096.77789003871,368.915804836637,140.322,143.675912,339.884031910869,154.534939,98.730694,247.412696658068,473.521241,367.45681,307.91125897312,333.586181,102.219950059616,79.5244025843806,577.644,142.0,531.0,204.035832515546,177.319,59.6498593999999,235.7,118.85,58.2772059000001,220.119514155962,172.0,157.0,28.881213496625
1979,347.897133082182,73.3,94.5,59.6,108.6,442.233396152205,222.186515,426.2,743.954631120239,393.000000000001,103.9,50.8,44.5,68.1,61.3,113.3,79.9,60.4,32.3,46.5,75.6,45.9,42.8,46.1,397.851539858571,259.0,138.1603872,80.4504255544532,169.438447909075,850.058942231198,305.223250240809,79.7796000000001,132.236603,467.14268048913,212.974154,153.128764,427.393523398396,553.745887,308.747397,342.12309946298,357.068742,171.046985680016,104.189437083516,839.053,91.0,711.0,210.055466567532,265.7694,42.3913144,273.0,107.5,173.640441300002,277.039981319973,223.0,233.0,26.6355788365
1980,343.513852513376,75.0,83.2,48.2,175.6,361.559495588013,245.22165,302.2,561.621176129529,409.999999999999,181.3,65.4,45.4,50.1,71.9,80.5,72.5,57.9,41.0,56.4,80.8,27.8,39.2,48.2,244.680440239429,262.0,125.833371,188.080765455441,237.141680421045,585.476808180216,386.926975375064,140.5623,168.917967,348.159385995652,277.786682,178.358173,358.669378297775,540.295175,393.02039,314.876899482353,199.255118,122.80324519674,144.39707073851,552.185,116.0,969.0,158.536624842082,293.749400000001,25.3460852,253.9,67.5,68.9558823000006,240.717115378275,254.0,219.0,18.4130358333333
1981,304.436181996438,58.8,48.8,56.5,160.4,619.252545203107,200.48656,479.6,669.886686522755,665.0,92.5,56.1,44.2,52.4,109.1,100.7,75.3,57.6,41.0,55.8,56.6,50.5,72.6,50.3,407.627576623176,198.0,136.143,73.0016987212491,190.492342868629,906.092549528183,276.084281519427,197.0709,257.569346,386.147570657609,142.714155,131.951549,413.053314373162,466.80579,314.446366,279.851135352059,406.179725,50.6713690532608,249.748045170857,886.0,146.0,1082.0,176.748925486268,243.6304,67.2532318000001,348.6,63.0000000000001,80.0872059000007,206.266958797046,209.0,249.0,36.1632233333333
1982,202.73533006104,61.7,48.4,70.9,134.8,509.079568727981,123.90888,409.8,671.368152633531,509.0,119.5,68.1,39.2,117.5,53.1,39.5,86.0,57.4,41.0,55.3,80.3,39.5,36.5,38.9,356.467728868485,195.0,121.55625,85.1686485081245,267.980753527054,1104.40427551216,444.517773159657,146.4344,304.181069,288.59652966087,247.196305,127.195007,301.027519479257,475.889178,362.39195,363.041656874999,380.020525,50.4732512032608,110.809824175108,757.0,222.0,690.0,261.88476676741,240.9796,25.0908126,287.4,49.4999999999999,125.065146900001,193.415337036034,224.0,232.0,17.316484875
1983,288.573529900939,83.2,68.0,65.1,210.9,484.195138964871,182.449982,471.9,672.601401122095,571.0,145.4,36.9,40.1,70.1,58.4,94.9,122.8,57.2,58.5,45.3,91.8,26.2,43.3,86.1,356.357746152956,217.0,127.89562,214.395105873417,305.281866416867,943.443576994725,369.204925107299,155.2121,363.821902,374.990486001087,210.293137,109.602524,342.869113724954,531.709153,345.908514,378.042722206288,350.81872,80.4064966097828,184.88291362558,495.0,130.0,726.0,196.920839215777,243.3696,49.9616399999999,281.4,73.8000000000001,90.3529413000001,258.813142753376,162.0,176.0,38.119534625
1984,328.25163373374,73.6,56.6,59.4,173.1,637.277197133905,130.829,505.0,543.267466243063,340.0,178.8,35.2,69.9,82.6,69.1,61.3,143.4,57.0,55.4,68.2,71.7,55.6,51.3,64.7,346.042638498014,158.0,118.90968,111.074300888914,153.05384440626,1064.43581634346,393.343473245946,77.0964000000002,379.624671,447.665899265217,168.808993,139.478467,397.914007923,562.985857,308.865913,410.828110414146,475.971302,79.9748599163046,117.193385118108,588.0,130.0,908.0,244.382280952004,246.7586,164.1335474,380.8,59.4499999999999,89.8447058999994,235.972490734776,247.0,238.0,24.3512041666667
1985,238.427442424421,53.5,39.9,65.6,122.8,771.640308052588,280.97705,382.2,511.919969837839,605.0,110.4,43.0,39.0,60.6,40.8,64.3,133.5,56.7,30.4,58.1,46.5,49.5,64.3,84.5,518.743979965326,319.0,128.81882,131.269628323263,197.547190416131,997.890882203358,280.610540029994,115.2567,254.123851,355.391675530435,162.102009,109.220654,500.887501991446,537.603206,349.43836,455.160904210645,475.414231,88.4777196786304,146.392119827668,329.0,145.0,766.0,196.475879597875,252.4672,64.6660200000001,281.3,43.0500000000001,67.0499999999996,159.10989731687,228.0,190.0,23.1670375
1986,188.8676448675,53.6,44.7,58.2,94.4,261.433157015427,262.71905,350.4,603.123848636077,511.0,82.3,45.1,56.4,101.8,51.6,72.7,91.7,56.1,30.2,44.8,32.9,40.0,47.4,52.6,244.020797227035,226.0,139.28565,167.339314965158,242.182408923741,714.916884842165,322.394007512262,189.5969,190.814617,318.712635845652,169.320313,187.193406,377.555826389686,477.858483,241.71571,336.709653977097,221.761419,106.820440353192,82.5672994674603,737.0,114.0,814.0,193.360842304327,276.4227,95.7580954000001,251.4,93.9999999999999,111.114705899999,179.336530131762,197.0,197.0,6.944025
1987,395.946932530725,66.9,67.7,40.6,155.3,552.250471128191,170.3988,390.0,631.546041728414,502.0,147.2,64.3,46.9,86.3,81.5,90.3,107.9,81.6,30.2,51.9,55.1,56.6,37.3,50.4,396.32010469995,286.0,126.79011,147.784375488028,250.703586792275,733.79107821911,273.998393591462,134.1626,200.321502,318.134601891304,142.756677,104.501466,293.948042347158,528.944774,345.815785,327.208861077584,328.140737,77.1804504638298,122.829206059612,472.0,166.0,707.0,199.053276333611,184.8326,105.7674048,217.7,140.25,110.320588199998,240.455612722797,181.0,217.0,26.56765
1988,433.803113605656,63.6,99.4,37.9,112.1,520.207208607286,165.15905,451.7,931.933590477044,517.0,139.7,51.3,49.4,48.4,103.8,150.3,103.4,58.3,41.0,51.3,96.4,57.9,57.2,76.6,467.166762839008,300.0,117.39825,108.375208691221,212.067578104914,855.792582827782,172.029410602661,74.6699,184.002171,421.816131026088,252.362792,98.722453,407.998804930403,405.162352,323.228478,380.219965830303,353.093784,162.343453914894,202.398440511247,518.0,191.0,703.0,216.44033597301,210.5715,162.8489254,339.8,70.0,65.8111764000001,188.342542561742,198.0,233.0,20.6977333333333
1989,433.803113605656,85.3,93.2,54.6,139.8,663.786920786053,248.88428,391.3,675.866793999757,852.0,66.1,57.3,37.5,63.2,47.0,103.3,118.4,64.4,41.0,51.3,86.6,51.0,68.8,110.0,456.729845065549,188.0,131.05915,66.0617043497538,189.742686409636,1273.56108589576,306.240598808807,92.1648,195.423038,234.511378093478,157.019696,102.230404,341.270523447251,472.692332,393.557562,417.455074827449,369.612915,120.388591704256,179.8905946,877.0,186.0,861.0,235.918397816683,206.5695,44.3733934,241.4,94.5,163.2772059,164.899743326883,181.0,166.0,29.881625
1990,433.803113605656,70.4,63.1,60.4,158.2,411.792145170539,211.68708,253.9,538.0198057347,852.0,71.1,62.4,40.3,94.5,99.7,60.1,75.5,56.7,34.7,51.0,28.6,51.4,37.4,29.5,344.925642700688,262.0,137.70176,101.010068260537,220.015912241537,789.008456167977,280.192523147735,172.2084,260.691692,282.638137191303,205.934806,82.112813,263.781530928525,481.370648,273.96426,283.890142107581,395.772208,117.729072555319,178.122,1068.0,116.0,754.0,129.105188955131,232.200570866142,132.5603759,267.6,130.2,182.8875,234.094650838868,182.0,177.0,13.7353
1991,433.803113605656,70.4,60.233333333333334,60.4,156.3,306.449037326487,179.982,356.2,500.695229762565,852.0,91.4,51.8,29.6,45.3,47.7,96.9,127.8,46.4,53.7,42.3,40.8,51.8,42.2,61.9,365.075096992278,304.0,113.44858,146.049189606142,302.068679417874,788.605253803366,412.562062923716,99.89364,315.110077,340.965703523912,154.283249,136.341774,325.004052161851,381.994498,361.885722,282.1704165625,361.667588,141.831556525532,167.8,349.0,116.0,878.0,134.645003478348,230.675118110236,92.0,272.7,117.6,85.2705881999999,262.875072189624,184.0,195.0,21.35785
1992,433.803113605656,70.4,57.36666666666667,60.4,134.1,474.763862876769,246.4911,593.4,868.654522885483,852.0,100.5,41.9,36.5,61.0,90.1,101.2,72.6,92.0,34.5,33.1,106.8,57.9,53.9,68.1,466.198318553496,347.0,140.33328,105.820071511038,390.077412582868,965.605731351302,366.043449191132,81.73116,271.625715,435.49353360326,246.388139,130.450939,430.650035676623,607.431024,430.331145,430.066203616911,382.383305,95.8655521232492,172.956,606.0,136.0,780.0,280.112528210644,304.107086614173,92.0,315.9,94.8,126.9529413,275.702861223457,191.0,276.0,13.9562791666667
1993,433.803113605656,70.4,54.5,60.4,134.1,432.285800852842,227.98934,409.5,570.74696926653,852.0,148.2,47.9,76.5,74.4,124.2,106.4,89.8,52.8,35.1,63.6,48.0,67.3,44.1,76.8,344.396270575145,197.0,131.4070602,107.723257957901,293.132045351799,993.3642481757,270.23638610617,81.73116,298.853769,280.936476455434,235.872827,118.087325,426.840310526247,555.302502,425.380459,304.415869164705,260.02127,122.423580760975,177.398571428571,668.0,141.0,729.0,290.453558221101,240.784881889764,92.0,351.6,94.0,90.4267166999998,218.223894427287,357.0,222.0,11.2330166666667
1994,433.803113605656,70.4,52.2,60.4,134.1,341.440174183825,167.826605,399.3,495.432970515076,852.0,97.2,48.6,93.2,85.6,131.7,121.7,122.4,34.1,46.8,50.0,42.9,51.0,46.9,89.0,283.51167874813,205.0,104.1908479,143.750556768072,222.187924833198,815.45623817454,412.032798130431,81.73116,220.833516,275.670543545652,157.746971,92.067807,413.524006902343,532.040877,312.34133,365.12758326,393.513724,119.140088175609,118.480714285714,399.0,164.0,562.0,200.04377497281,229.191496062992,92.0,286.2,70.0,95.1555000000001,150.946960683515,250.0,234.0,15.5274916666667
1995,433.803113605656,70.4,47.1,60.4,134.1,522.24587259105,236.18685,401.4,421.903614790066,852.0,204.5,59.7,54.2,111.5,86.6,78.4,76.3,47.9,41.0,41.5,115.5,63.2,68.4,48.8,435.129250866273,153.0,150.3565,78.6327831893729,251.999381805788,833.169435898375,267.828778604806,81.73116,274.483552,219.935868826087,103.369233,89.542276,342.967332164461,333.000641,315.284518,326.364641805589,343.907171,175.150226753283,139.334142857143,349.0,119.0,663.0,219.445017088948,208.069291338583,92.0,259.5,155.4,121.716,180.853345304143,134.0,171.0,6.593875
1996,433.803113605656,70.4,72.4,60.4,134.1,521.501619580977,228.64757,368.2,801.19625039663,852.0,106.7,47.2,70.9,90.1,82.8,87.0,119.7,59.3,41.0,53.8,69.5,34.8,44.1,62.9,445.009730756854,231.0,115.9893,250.03169295183,231.570398806125,935.38198107618,341.189442353516,81.73116,155.771442,165.24274566087,190.664439,100.631373,256.859039237707,470.825952,301.115999,301.574881642996,410.540946,199.925229179487,121.249142857143,500.0,144.0,878.0,162.704765536921,208.069291338583,92.0,369.8,37.8,79.704,191.635750661788,166.0,178.0,19.5846166666667
1997,433.803113605656,70.4,58.1,60.4,134.1,389.460144015903,239.7185,395.4,587.586518838791,852.0,152.4,47.2,67.5,84.0,112.9,73.0,112.0,88.1,41.0,46.9,104.4,32.8,39.0,119.5,323.494723298665,248.0,139.1544,142.704801351256,233.147395783614,1047.49833851708,206.992057279976,81.73116,259.133205,120.606412365217,108.241008,107.498473,324.1287968428,446.450044,310.789582,331.29318139375,375.28722,130.336088888616,89.3288571428571,679.0,144.0,786.0,134.35286326274,208.069291338583,92.0,268.7,82.0,79.704,211.865519183052,185.0,179.0,9.02589375
