year,B33 6.4983E,DIV2010_chem,DML07,FB97DML05,FB9807,FB9809,FB9814,ITASE-00-1,ITASE-00-3_chem,ITASE-00-4,ITASE-00-5,ITASE-01-1,ITASE-01-2,ITASE-01-2_chem,ITASE-01-3,ITASE-01-4,ITASE-01-5,ITASE-02-4,ITASE-02-6,ITASE-02-7,ITASE-99-1,Mount Johns,NUS07-1,NUS07-2,NUS07-5,NUS07-7,NUS08-4,NUS08-5,NUS08-7,Palmer,RIDS-A,RIDS-C,SDM-94,SP01,SP04C5,SP04C6,SPOLE 0EW,THW2010,Talos Dome 159.07575E,UP-C,WD05A 112.125W,WDC05A,cDML
1897,1510.184,4444.277,1622.895304,1140.764198,829.26,3281.1896,2471.69799,2873.2925,11173.50491,4800.06648,2262.825,6273.47732,6835.83288,20231.73936,2653.86191,2208.72396,23451.8583,538.2,414.346,1410.08272,6932.273,2738.266981,722.956,997.56,925.912,379.809,1778.738,512.524,2460.92,17961.70232,7689.1331,3296.1951,14272.5602,595.0809164,1008.254739,840.7,398.3757112,5625.7866,1509.886,5533.478062,7835.501432,4983.2172,36247.77858
1898,922.9716,9261.5808,1009.222922,1534.066272,641.24,781.14561,1108.48191,7722.86562,8057.13677,2317.40873,4231.8556,7791.80762,3433.62285,10478.8548,5375.04804,5390.57199,4729.09752,294.3616,414.346,1410.08272,17566.75492,13103.25147,964.496,884.816,876.757,636.498,338.032,875.457,993.09,7932.051985,6373.663572,3296.1951,3413.62049,1068.944862,1108.223022,851.4,875.012665,2034.556,1324.89,7086.411421,7488.92067,4158.2278,36247.77858
1899,886.707,15823.5687,2993.83054,1144.384638,1645.532,1392.84594,2304.95671,7206.78459,6728.99236,2860.33275,3100.10272,6306.8467,6472.14732,23736.5612,6139.35168,8726.8449,22038.4536,1321.83491,414.346,1410.08272,9308.03852,37553.98282,1140.048,816.442,1005.285,749.007,84.175,1191.289,573.65,10814.55069,7589.186292,3296.1951,9018.24117,812.7340284,646.392941,1006.3,752.56244765,3923.8914,867.58,1591.728768,9131.189915,279.0344,36247.77858
1900,1150.3548,10847.7739,1906.912418,1249.302828,1059.236,5276.09355,700.66595,6765.11724,8028.51541,4304.303,4675.91816,5408.2514,5701.83972,18724.21462,5102.7372,4059.16551,12738.51954,210.9906,414.346,1410.08272,8734.2,9562.968522,571.844,671.5,1070.042,703.431,372.516,1154.585,371.28,14523.34352,3520.825788,3296.1951,13578.03877,1488.25995,839.2314572,1086.2,958.4422663,2807.9304,2063.09208,6525.874644,4254.026249,3014.9145,36247.77858
1901,893.1315,11916.783,1322.684635,741.2659079,452.268,1097.53336,1015.2171,5414.50182,6726.3712,4368.32264,8913.5235,6485.6428,5200.9626,11438.8442,3087.18028,3317.96316,14724.49393,1299.5304,414.346,643.987,5462.9316,6784.536699,584.844,411.4,614.162,724.464,1379.323,976.43,530.95,17368.72187,3542.22454,3296.1951,46928.73456,464.044099,1311.355144,1035.4,717.11623095,2681.874,2100.22176,6375.18024,2885.513602,4486.282499999999,36247.77858
1902,1019.0246,5536.968,2062.495137,1467.026972,995.86,881.1744,755.9994,6424.20944,9856.9442,6390.06313,5994.0912,5967.84468,7495.44072,12922.24494,9061.8359,7007.08635,9866.99325,836.5035,414.346,790.9,6592.5628,5719.816456,986.232,377.536,390.514,723.573,1469.603,1253.227,1754.9,3880.897058,4565.143094,3296.1951,10805.59148,1211.777477,765.7632612,1393.1,1104.0508475,2733.3507,1043.497125,14616.46626,5504.543425,5957.6505,36247.77858
1903,1833.7968,12556.0512,1329.432756,1519.48765,1069.572,2394.972,951.21543,7400.78973,8770.60625,5128.2387,5929.58665,4977.79584,3268.7981,7266.06252,4815.46377,10845.34984,18138.5391,2033.631,414.346,1034.93316,4850.9405,5146.296722,1244.412,557.124,922.664,664.362,842.897,1405.741,2079.07,9236.445335,5985.030138,3296.1951,5922.227807,1442.805113,1270.368146,1062.2,941.95673555,6402.702,681.5205,11714.69376,8691.782244,3361.2243,36247.77858
1904,814.5907,12008.7296,1609.216179,1543.049942,1154.436,3001.97664,610.18368,16120.0732,15346.09512,22309.12866,13075.524,10352.37152,16599.27256,8809.3245,9046.77365,9264.34519,18133.28419,433.08945,414.346,1101.85951,6619.337,4066.444854,873.652,803.318,818.496,776.169,1132.163,1316.571,1510.32,11067.24394,7342.484147,7384.885,13558.39119,725.5919552,1191.162149,2000.1,974.4462735,5278.866,597.132,15494.07552,3684.295189,2868.3555,36247.77858
1905,396.0684,19151.4775,3374.5303,1385.036391,864.008,4274.64154,2815.0912,3278.2886,15188.02355,5401.22193,5815.50297,3297.22294,6723.65673,9355.39968,3488.9001,6698.58825,30357.41172,1009.45,414.346,1112.4409,8324.93168,7953.43621,397.904,951.388,347.71,939.168,620.49,1139.97,963.27,7787.369711,10483.56374,4059.987561,24375.39072,373.0187212,1904.970958,2419.9,1345.587317,7044.7806,1898.613,18353.4219,5069.679839,4507.7667,27224.5358
1906,492.8955,10686.0535,895.6207456,1506.812425,788.8,1771.8355,776.25291,1802.03238,5127.93288,3478.8375,6355.5816,9660.50698,2655.7344,9264.06666,3856.6282,3350.424,18516.3118,2304.22475,414.346,937.3408,4300.05,5247.127382,1139.216,778.192,297.511,741.258,1016.168,478.336,1766.17,8109.947605,5618.384726,2112.706176,8320.464866,1025.918038,949.0490622,901.5,877.4628835000001,3061.3076,2376.59125,18681.09067,1130.071742,2836.951,22180.1085
1907,846.963,9212.9906,2901.668321,2271.832779,1071.136,2032.51645,770.77209,4494.6404,10394.48736,3629.888,3979.33293,3539.64,7354.15824,7298.16005,3315.88586,4998.6618,5065.08254,356.499,414.346,1117.41394,5735.90547,4600.619887,529.88,580.958,826.007,307.908,1467.235,1100.232,1033.06,5271.766454,4969.238639,4314.569229,11637.69303,1271.11177,628.4457446,1321.6,631.7112345,4404.3736,936.2925,11422.52311,5084.354759,3549.2888,22060.1964
1908,1003.2416,8953.3949,3286.879116,974.4296899,2385.78,3549.0798,993.30696,6891.65108,11155.3494,4956.99918,5564.4705,2173.231,6529.17084,6444.18367,7746.01611,7337.24986,11593.60498,725.61625,414.346,391.716,4684.31782,4225.353499,822.744,509.864,1041.825,206.685,1445.812,1724.829,826.49,11459.33194,3059.054047,3455.616085,25773.7542,472.511857,596.82838,2925.9,1018.9349788,5282.6256,1643.4495,11586.21676,5334.53452,5487.8184,10294.6558
1909,1181.808,12732.084,1306.755306,1315.694844,1519.256,881.36412,995.2698,2837.8194,11642.7311,3605.49,5935.944,5970.94764,7202.39104,11066.52456,4422.23908,5326.6225,21594.44014,891.91592,414.346,836.26624,8086.86307,6671.301574,738.14,570.316,804.257,675.486,1269.359,1643.688,1071.07,11020.81706,10445.41844,2474.061576,5081.078445,1473.971405,782.8957808,1324.5,1393.124001,6632.0236,961.956,5434.068938,5752.082796,4875.159,35212.1341
1910,1052.8528,10957.509,1480.611127,702.6132853,911.948,1083.63123,758.4116,4435.78612,4420.0095,5616.28925,5020.59826,7613.46704,10523.85516,14905.78189,6848.65536,7664.88096,11732.52023,855.37347,414.346,1096.4913,5486.58,5582.879431,863.928,600.678,986.783,772.875,1759.683,884.411,2228.17,18931.10087,1797.902911,2899.53186,38993.42809,893.96367,386.6257285,1131.2,973.0619106,3623.3055,2194.45524,16439.64365,5457.873609,3192.7564,12328.4656
1911,1204.878,10993.8011,2444.606514,1009.79877,1140.632,3455.33364,1712.64834,5579.16471,7014.742,4796.11106,7041.82888,6173.81248,5969.16264,2673.60534,6110.335,2597.6504,12241.86252,2685.88729,414.346,543.1755,4539.387,4870.9725,1540.812,611.014,840.768,1055.727,1562.954,409.775,354.27,10240.91044,7523.26278,2244.27056,28659.10613,1812.40779,607.13491,1332.5,738.7405578,5033.6028,1993.572,16085.60122,6483.709148,4270.3345,36015.47136
1912,476.0782,10496.7984,2536.0953,1574.268571,1050.94,1613.05608,2190.0497,6296.101,12786.6519,5180.76,2746.97713,11314.63188,14464.14504,11312.00136,3445.16536,4927.49288,10248.1895,773.08137,417.37288,413.561,4734.82074,1876.817375,1205.464,617.406,589.715,925.749,1319.42,438.931,1157.52,4879.373078,7625.887003,3871.626616,9350.677054,977.0634569,1126.794511,892.1,816.3289984,4343.751,2928.535035,15915.47722,7716.431323,3534.6546,18269.71982
1913,711.2925,6583.4856,1709.714942,2043.555459,2095.284,1510.06072,735.27806,6894.36096,10011.96812,7724.69904,2108.77524,5482.84374,8934.90794,11645.898,7552.21248,3760.83274,13623.43344,2316.70776,219.01364,855.07625,4561.22574,2756.057875,268.476,686.12,597.11,1016.658,854.404,259.629,1960.77,8641.318142,5953.05711,4377.73375,28174.05072,303.6179067,987.677765,1727.0,919.966356,3392.7776,1274.385,22331.28959,6681.502099,4567.4128,12525.42984
1914,430.5248,13144.3775,1484.566056,1072.159123,1235.288,1003.38287,2124.29052,6201.24298,8213.586,7121.5082,4172.88795,4481.64144,5620.44652,9308.77938,17787.202,5006.05875,16993.504,1450.90099,490.7142,1185.36391,3975.248,3459.274256,1717.352,799.51,1263.791,1066.824,922.262,355.2,1527.82,7302.119088,4439.60838,1507.1394,21372.63005,984.6388899,732.410702,812.9,750.18629235,3437.684,1081.2235,9380.082018,6837.079708,4883.1,9674.42014
1915,1307.2158,5033.96,1576.945151,1077.213397,580.992,1130.09336,1072.80116,17459.8197,8446.7768,5130.0205,4451.826,5318.4924,5049.36326,8972.82828,4951.82256,9466.82662,5034.59078,1641.12935,857.51496,425.47817,6650.262,5450.457675,1885.104,785.944,1158.173,790.02,2008.693,806.896,1357.16,11306.4508,7462.789627,2078.45066,18146.23619,935.0264945,578.9703434,878.4,743.54696805,6269.094,944.46,11190.34131,3377.393055,4334.2352,34001.8899
1916,2485.4184,12005.263,1463.225791,1357.923195,1576.308,3222.4806,774.74475,9769.84144,13250.3898,4688.21772,6339.6615,6437.54475,8924.42865,8011.2328,10376.99694,10283.7142,14845.17177,665.77504,724.00724,1380.31091,2067.0256,4331.532758,1839.5,594.218,587.946,932.769,2374.29,999.518,947.87,10896.02877,4909.700852,3732.173016,16093.27227,596.9928366,1145.365358,626.4,1090.068044,8993.544,754.73325,10085.59304,5104.961822,5926.0665,33335.31696
1917,1113.0153,12606.4728,3545.350922,1647.554732,1004.7,1294.75008,274.2768,9531.15824,12892.11722,7666.52172,8915.37813,8409.5492,2875.34979,12723.44736,4324.43705,5041.51214,15224.40576,1115.0244,504.41298,499.6845,5722.20451,4124.236589,1496.924,460.598,431.491,1020.222,1385.687,809.486,965.79,20661.6266,7062.249089,1807.6344,14028.04848,893.9298192,752.0794476,832.9,666.23523945,6411.391,1292.98959,5885.838305,5780.70627,2941.9146,25701.1887
1918,228.8598,7415.391,2993.151264,1029.307986,636.276,1941.1608,1050.487,4951.4304,9942.49254,6298.64913,3365.0804,7645.38876,7058.17948,9301.1379,7400.2308,4253.71521,10053.22338,2770.9264,866.1959,1451.49672,4396.288,2926.690787,1346.852,486.778,306.588,663.525,1875.234,645.983,413.28,8078.169773,3561.308213,3288.20759,15097.04069,964.6146404,359.0403072,1374.8,764.2646671,3611.8804,2028.198375,7678.507547,3665.695659,4729.9,23101.20032
1919,223.0774,15466.3348,1762.276281,1055.210502,646.952,956.571,2197.7452,4405.4752,9696.19615,4343.1948,2691.676,7456.85774,7561.56162,12565.70415,4187.04786,7203.37904,10267.92396,419.08902,604.012,704.0475,2890.935,5255.076713,563.42,545.394,786.045,610.524,761.904,823.953,723.73,23266.75724,4592.99304,1222.452897,17714.6973,695.541313,442.3070179,1036.5,787.42686,3864.646,936.60975,28217.31174,7787.075832,3128.8068,16889.246
1920,193.887,11582.627,1010.700755,361.425968,370.532,3749.01296,1598.9259,7679.54,9286.1182,6434.79935,6694.92775,7414.00464,5032.70901,8727.1275,4961.30432,2700.18801,8178.46106,559.74437,559.62864,701.6886,7321.8405,3734.150783,715.104,531.216,618.831,755.379,541.014,249.935,792.33,11424.36639,8351.398008,2407.32687,24849.24917,725.8466148,652.3825696,1868.2,660.0620678,4541.0526,886.186125,8989.489884,4440.005045,3972.3306,6764.15256
1921,729.1708,18972.8955,421.0214646,845.515821,518.84,1472.3358,1467.29149,4619.6928,10170.22868,8471.13115,8116.20625,3012.95808,5183.07738,7622.9424,4746.85299,5370.95952,26300.09818,1340.928,722.9646,510.20802,10671.826,3933.351873,553.28,696.048,296.67,627.534,99.493,292.3,777.14,18576.30311,10218.42585,2713.711975,30714.28689,831.5576685,897.7714621,821.1,863.13360225,13127.2218,1699.8255,13012.40788,5572.762464,9657.8776,13658.94948
1922,1274.058,6854.9444,1274.55564,842.910995,1250.86,639.31536,1636.66285,6524.1496,7355.94797,5446.563,6718.02,13753.98528,3468.44802,11033.87505,4691.00312,6068.61198,8169.67917,1140.5016,831.48833,996.89431,5056.29292,4982.296778,711.1,734.196,406.058,293.895,256.891,619.121,639.8,19521.70001,3468.526871,941.7774,28597.6998,457.3804449,425.4900448,899.5,975.6236891,5972.3976,434.24025,16927.90653,4556.758717,4655.343,34447.1996
1923,397.9064,9571.38,1270.525823,802.2511628,629.068,728.15002,461.65125,7507.73925,8706.19638,8160.0455,3247.74375,6223.9459,11377.18766,7068.65874,4225.80748,8118.8767,14818.5109,1082.19662,660.70585,522.19356,8410.58771,4517.231484,1177.28,708.22,705.077,407.862,585.71,635.993,537.25,12410.08843,4944.294123,3595.541561,4023.404244,1327.473042,1024.280558,1026.6,674.93902655,4091.2498,1465.641,23161.41521,4263.660752,7059.6944,11787.99248
1924,256.1638,10039.733,677.3220556,1372.498572,585.072,2627.13295,583.92486,4636.632,10631.07444,7096.76819,1811.9375,4826.569,7636.20936,6126.0594,5492.877,3831.34108,10574.93238,2562.07068,761.29424,1663.56429,4311.09182,3309.507084,706.576,896.206,617.12,446.769,1127.575,923.15,762.93,9416.08566,2176.633828,1426.943272,7902.187403,289.3702488,362.7279818,1343.9,835.594709,5078.944,404.92629,32210.80278,2134.049102,3919.7277,29020.2297
1925,724.0779,11655.4244,1181.384542,698.7152147,903.856,1337.34912,825.285,5319.86067,10888.6986,9057.99202,4828.8448,6602.3909,7957.83912,8647.35542,3931.42,6898.2192,11470.24677,662.0796,856.82616,1766.45,5477.81685,2550.825431,816.764,985.15,415.222,311.175,681.503,1128.278,2813.86,12719.66112,4284.784162,3141.556663,8151.16028,1285.347798,610.7461874,557.4,562.7409235499999,4792.6318,1142.223,12663.71623,4489.889282,3878.6976,36836.18752
1926,376.9029,13867.4052,884.5627868,909.6793631,792.948,1568.05924,610.82758,2766.687,7470.80754,6405.0584,5451.09725,9143.74526,3916.76406,10617.881,4609.03496,6833.6337,10244.15988,629.909,1534.08424,524.91831,9464.70912,1535.073153,1458.496,844.594,334.921,535.518,238.872,873.94,1396.57,6553.639517,5537.414375,3199.131936,9327.421299,976.6437514,1024.704166,456.3,588.09054325,7437.3795,3544.4025,18288.82875,3787.047256,4426.235,29844.1671
1927,749.91,7855.7584,1396.213042,1482.911721,2280.312,850.22426,1388.36786,4988.33936,7870.30176,9253.284,3241.674,5153.24836,4865.47656,6752.88027,6067.49504,3408.9174,8234.196,1004.64,415.3588,807.92217,6051.632,3069.927252,997.568,517.786,465.392,867.726,477.3,1092.055,1016.61,10508.56281,9977.890278,957.5469189,45044.93696,738.2895396,1262.064637,725.1,682.47445515,6761.8065,3592.87425,10578.40355,4792.462653,3898.6168,17562.721
1928,918.4116,11041.2102,1403.176567,1561.673826,1167.764,790.5195,1301.54982,4698.14375,4944.19031,2053.00772,3319.83055,4662.46312,3087.56808,10265.24386,6224.91703,3074.38656,7625.1376,1041.1065,486.93086,239.98901,6754.6885,2298.561302,1072.188,651.1,884.123,724.734,751.396,818.736,938.42,4449.36306,5452.014472,1753.31296,24273.40002,687.2809198,797.23441,978.0,433.8550409,4188.4048,1174.88958,14075.17663,4340.089631,3432.3975,18548.42132
1929,754.8875,5434.1542,1744.064651,436.9554451,3372.324,4090.58496,2320.50735,2039.5648,6327.99966,3110.38988,7259.44,4726.1292,2274.026,9561.005,3852.08208,6981.63268,18692.4384,878.163,421.00836,573.097,8301.57871,3234.651617,496.86,613.972,791.207,602.046,1541.05,1227.512,669.2,20420.84696,2526.645875,2401.657991,14671.94994,738.5050562,3498.731697,691.5,648.8716378500001,4069.736,1019.358,7943.02259,4553.566554,5810.2973,16861.76624
1930,1229.6338,5919.6552,1013.344626,886.3836215,1234.336,1312.54659,300.56991,3480.82,8773.64672,5939.30256,2270.36397,7554.09375,6850.56372,14109.18036,4423.45859,3255.231,5809.60125,736.6065,652.2834,1194.78214,4746.37,5016.99978,1986.868,474.64,545.142,736.641,1965.292,914.677,586.74,12157.09891,4853.579158,1129.704218,10510.20312,806.5740561,1194.303881,1551.4,920.3025875,5879.477,1778.76,6400.061638,3300.031233,5331.4809,11031.85116
1931,758.352,13344.6362,3467.440976,2969.916423,643.008,3752.2145,829.50989,4027.44377,8261.03304,3228.19032,3068.9256,7561.01336,5127.0125,10885.4532,7419.8944,5172.51072,10352.96,1512.22976,1243.0089,705.66864,7926.7049,8939.628237,972.816,534.548,547.926,498.771,1210.307,477.189,920.64,22877.10834,5296.520353,2459.244827,7536.050584,810.3390317,792.6819218,732.4,1171.84646405,4019.5378,3783.02886,7014.82004,5698.955742,4764.3859,17557.74482
1932,1174.887,12365.1336,993.304818,1382.828609,774.996,2121.8522,943.38916,3962.0931,5905.85216,4041.753,2087.4,12844.21825,6089.9703,10814.23862,5317.2504,6226.71,10371.36215,822.078,508.85952,498.732,7237.96752,2619.607486,203.008,649.944,347.565,760.59,1042.142,745.994,1043.28,14842.49813,3779.249419,1029.739973,1677.031447,751.0972037,780.9749786,896.0,901.1539569,7690.98,953.532,22717.50451,3324.242049,3278.1112,14861.26048
1933,391.3559,8633.9056,1354.058053,578.927531,358.768,1054.27845,1367.7975,3995.3963,5134.2368,6500.4169,4086.045,7435.4616,6807.65893,10997.49473,4131.933,5423.9045,10215.09949,1963.66632,920.15694,1099.1493,9839.896,2914.756923,933.036,744.77,691.969,764.289,662.855,579.42,457.45,13479.96602,9705.606975,1972.746082,22312.75388,899.8656843,486.9666737,633.2,721.6868461500001,4135.5908,1429.70184,4588.174438,3631.676788,2626.449,11201.3176
1934,710.0108,23606.9124,718.481414,584.3091578,595.544,2242.65366,358.0659,4705.42464,10722.30131,5047.82488,4128.432,5934.06352,3856.46366,10731.59232,4652.9157,4496.5233,10766.4271,1529.4717,731.22708,1534.5,11651.8116,2301.448236,760.136,503.506,1395.857,576.099,514.226,540.607,371.42,8383.94524,4470.317326,3586.520956,54213.11987,1439.159079,498.2032635,911.6,797.7936496,7230.7264,1300.563,4975.755667,12793.99643,4199.1525,20351.60512
1935,1134.9965,9767.4004,2002.039176,973.4548781,1077.936,2350.092,799.9019,5245.2544,9010.85639,7893.58705,8444.32281,8579.02185,9896.9988,6474.58515,5551.82566,3027.7452,5923.49428,974.23328,304.785,431.618,10182.89272,7811.771975,709.644,585.378,1320.225,556.524,1078.291,1516.519,1237.32,16401.77405,7995.696863,1025.25419,7579.612001,373.8373812,756.5450431,679.9,859.0989360000001,6311.4042,927.5175,6433.875962,5242.793465,3609.5986,5554.2212
1936,1958.4567,8625.2712,751.4043501,951.9421616,316.676,2598.68375,649.87328,5725.2128,12799.28897,6082.21824,4089.10848,5406.8109,3927.04098,7492.1073,8507.66952,5606.74953,11792.0502,908.48,446.70197,422.78112,12138.368,11612.51185,1069.068,649.4,1276.696,558.819,1009.878,2227.992,1657.355,6459.045093,10018.87573,5142.498977,11754.0006,927.5989177,431.5119962,3085.0,752.748828,5166.0855,2761.1145,4999.960995,4741.94297,5826.348,17611.32648
1937,301.8378,13270.4259,1701.739749,1621.559741,583.916,2776.57776,552.8308,4680.95408,11662.26327,5376.59051,7285.67514,8115.84768,5232.75732,9391.86624,4348.99102,4648.05628,8614.02666,1559.22219,270.78995,376.992,9418.2228,4353.305282,1511.796,508.368,548.68,619.515,405.224,616.79,2077.39,3930.791887,9096.404575,3597.475723,13663.53047,618.4286467,1304.115812,1916.7,520.517573,7583.5224,4993.2315,6611.868674,4878.185548,327.6595,10510.16274
1938,669.3519,18298.968,844.8848055,1228.35155,1232.364,2156.32943,684.3316,6744.42496,13925.0573,6092.8252,3432.00744,8139.38128,5379.36264,9132.8396,3933.52632,4159.0612,9158.0276,561.55476,911.88744,760.00625,4789.1856,5071.864888,568.88,516.8,382.481,655.749,1130.979,154.179,2497.425,8745.216125,4512.54708,1663.54135,30901.88927,1858.08187,2478.39688,730.2,877.4901544,6072.704,1093.03506,8104.659402,5743.224055,4484.8909,15340.25262
1939,640.1625,19478.9636,873.3971011,898.857838,1054.748,3355.21445,247.31582,2818.08567,6932.59422,5404.42695,4545.5052,10246.8696,1974.69144,13849.65375,5229.39347,5208.90776,15669.98832,1430.48176,1222.2756,497.2968,4946.12118,2359.313572,625.56,505.138,327.642,612.792,1119.065,531.098,2917.46,12038.50888,2042.902857,2325.137976,26657.59959,1081.379908,690.2600375,822.4,1069.3447599,7119.2495,1228.275,9453.303637,4773.586095,4367.778,16838.24736
1940,1014.1236,13740.3078,812.7641021,1341.667168,1513.68,262.938,1079.97098,4302.0474,7478.92731,6746.02344,2834.2032,9523.36684,4068.30692,9009.9945,10554.54316,5888.59464,15463.09186,1177.81728,745.3773,576.25475,6504.744,3793.838299,665.756,437.92,389.006,420.66,956.857,734.08,949.55,18329.18586,7318.167073,2570.647959,24334.47117,805.9537728,1408.341307,1451.4,511.42636085,3312.384,1363.608,6700.338319,2346.859913,2664.8832,8465.76126
1941,1904.628,5004.7527,1905.645635,1211.315484,678.64,946.2438,5175.2337,4160.34899,8795.89974,3243.065,3036.44242,4199.86047,4857.75641,7261.7685,2772.85545,3693.83718,6954.44538,1025.89298,787.43568,1035.48115,14558.0979,9469.311708,910.364,470.288,574.287,415.827,852.443,749.879,1121.19,13889.09143,4700.269607,2034.324396,26391.60282,1431.346652,1446.971805,322.1,426.1802284,6573.6752,1505.952,15004.98401,2419.182511,4542.109,8710.59398
1942,1005.1658,4427.0061,2436.80709,910.9274654,1968.328,2602.85571,1542.14184,6770.92284,5540.18452,7740.12159,3055.728,6054.53696,2063.18861,9397.47627,4805.54781,4531.50714,14856.50692,1924.86544,302.97561,1082.24747,5226.47451,4676.200034,594.36,678.402,605.723,559.035,1061.456,1111.554,563.43,3642.689042,5357.012971,4569.118238,13971.61927,904.0942222,863.9801185,126.4,1248.7792725,7687.7391,1027.89,5115.484978,3268.415803,4387.41,16980.75126
1943,737.6859,13684.5312,1456.036242,1728.758284,1441.056,1121.19777,740.92732,9002.4066,10145.2494,10461.88465,4120.74288,7003.363,24919.3952,7774.95119,8505.04395,14164.48878,18548.55288,1828.74174,433.05808,903.60724,5367.831742666666,1703.121313,850.616,840.276,489.868,539.325,670.366,598.216,303.73,26557.68697,5399.015096,3761.024733,18990.828,646.6345522,470.0975474,577.2,1156.925569,13365.432,1872.4776,2094.491774,3075.008488,4167.1168,16643.90112
1944,882.4658,6846.1234,1342.306872,1378.821211,1130.704,2311.35486,980.91869,4590.44373,8114.061,5890.84075,9915.20188,5090.31162,15249.13072,8114.75698,3464.00535,2459.81796,7399.12628,951.192,627.3309,737.45074,5509.1889753333335,1881.630712,697.32,617.746,536.964,476.118,511.821,906.241,295.54,11178.318,1894.421701,1717.57664,12588.38713,1382.401162,1273.955227,1010.1,737.282085,4526.4929,1824.1425,32301.89783,3914.127655,3881.8333,26977.13172
1945,646.8336,5473.2042,761.3812935,706.7472475,446.896,1317.87697,2029.9819,4875.73461,6513.06187,6002.39497,11282.49792,5272.25062,7414.99525,3864.05894,2879.71775,2438.38106,21055.94214,1493.35284,573.1008,1314.36928,5650.546208,2294.894487,891.748,447.712,708.093,538.677,952.01,1264.216,430.29,9039.254716,9300.693035,879.488544,9536.320962,760.763754,1205.372836,1396.9,917.84540035,5798.1196,1815.5745,11955.0695,4361.368078,1779.624,27033.25482
1946,1017.9939,10678.7106,793.451963,769.9475217,474.776,1260.52773,639.95688,6440.299,10383.01588,5657.94612,3956.2402,5956.8036,12289.732,11540.01904,4272.94546,2574.78495,13379.81463,1360.5745,790.64874,666.76213,5791.903440666667,2643.145991,1711.112,454.274,677.092,761.643,1277.055,694.046,598.08,9721.827148,3999.881801,1793.47896,8736.796872,738.1930923,749.5267774,543.8,1595.8680985,6184.53,521.9136,11843.87288,4330.56497,4738.608,10758.10824
1947,1107.78,11260.4041,770.8000721,1200.535177,841.432,1240.92408,1037.2806,6189.254,8879.4657,3687.67134,4552.70662,7729.88232,5583.34272,10402.11,7022.37834,5418.625,10317.33631,1079.75165,224.706,1019.9021,5933.260673333333,744.9447713,1097.512,677.45,789.148,943.218,943.611,387.612,1151.85,19883.21582,4219.157734,2708.948214,10512.64681,1212.670359,2603.529987,352.4,1105.55422035,5234.2575,2341.38138,8090.296544,3890.251257,2566.3048,14667.6453
1948,661.44,7674.138,1663.44969,1272.164182,1092.352,1002.07572,1003.11288,5868.88399,7806.43924,4221.08694,3358.4562,4985.94931,4333.68982,9913.3125,4768.79296,11440.31616,7734.762,481.388,204.46118,583.76526,6074.6179059999995,1435.775748,525.2,36.55,801.183,887.544,1030.894,689.458,1245.23,10899.71263,3214.463366,5531.904774,32400.61162,192.5383807,1168.721827,698.6,1223.4361324,2272.0743,1362.4875,5972.396767,3517.738722,2441.03,11891.28006
1949,419.546,7448.9625,975.4231832,1139.813076,1024.284,1836.88648,2473.60534,6625.86336,3934.9461,6910.36024,3061.814,4603.24,6585.08142,7518.1719,6064.16,4236.53723,11676.89012,721.6365,609.98065,1625.30222,6215.975138666667,2978.592019,329.836,20.944,532.179,718.173,685.203,319.384,910.91,9781.783563,6496.829245,1645.093177,9682.975332,947.8651189,917.9664474,611.1,740.9874994500001,4117.5568,1695.0645,12711.32466,3985.716567,2560.7114,14337.02116
1950,604.5877,23062.524,1363.674188,938.511909,364.82,2502.74112,1659.36804,6906.8426,13778.67036,13806.62,15666.43563,6123.42351,8457.65064,14918.54474,10106.02148,6121.19352,10189.795,3007.62,781.12888,1587.95097,6357.332371333333,2497.296623,1935.128,73.27,636.26,638.847,696.747,238.28,416.22,9557.492543,11188.54217,1801.239669,19768.06216,827.7504617,1629.582503,612.9,895.7637303500001,7662.41,979.608,4482.63659,11774.05237,12164.7757,31884.40684
1951,486.4234,14343.4177,918.3357143,1214.349575,1239.232,3495.1728,2319.8373,7048.304,16138.3716,6491.863,12207.79095,8444.63958,10216.7775,28432.47054,4959.48955,6615.91448,13988.77235,711.25614,766.96264,1481.6705,6498.689604,4716.808804,1746.368,231.54,780.013,739.044,816.59,520.775,586.18,5451.555817,6547.157324,2428.12836,11293.89673,495.705359,974.6364024,605.2789473684211,898.99395195,5379.6925,1215.396,8896.243324,5989.017854,6579.0792,36796.93248
1952,895.967,7713.6145,1455.15747,1077.005719,1054.952,1231.21204,1972.0461,5350.65463,11700.59,14695.89968,9654.53776,9708.87125,5380.35222,8871.93636,5927.23824,6050.95343,6423.8185,870.92775,723.894,1730.71866,6640.046836666666,1228.609947,995.436,377.026,785.465,861.435,755.429,722.795,580.02,6707.041102,8361.921293,744.4468815,6266.430641,1128.844964,270.4729193,597.6578947368421,1350.92109805,4972.0638,866.565,11993.89376,6779.331244,3534.5808,11106.11898
1953,387.7715,13136.8956,1050.319222,860.1963478,759.56,2011.647,2629.60368,5476.60449,10466.29956,6338.6092,8246.6915,7359.45151,4543.99834,11139.35878,5567.37057,5200.64986,7893.0072,1430.17407,586.41099,640.59436,6781.404069333334,2357.173083,1952.704,469.88,661.055,782.028,855.588,842.416,261.66,3293.320618,7429.48522,2224.094623,22768.53631,986.3698817,992.7347595,590.0368421052632,1264.3465540000002,7460.5989,1377.5125,5675.788125,9716.806515,4213.8775,28159.9197
1954,779.9085,10590.2214,895.761634,870.9912059,532.372,815.61291,1409.69202,3295.7008,15230.6364,5273.21494,10112.84812,7676.43597,3296.7244,6426.64775,3707.154,5566.99,6374.269,962.371,1355.52942,286.13488,6922.761302,1212.698465,1291.732,525.266,462.144,572.886,520.96,886.446,2035.04,14602.23639,9001.590588,4931.363724,42441.10233,537.1042844,538.9526806,582.4157894736842,1275.358315,5166.8505,2097.6708,8091.294525,3906.026484,3391.7364,25424.43948
1955,1180.701,13551.12,917.6342423,1026.908358,514.352,1568.587,871.42122,5702.571,12099.7794,7142.97987,2791.36935,6550.16535,8693.26794,8363.63,5849.5645,6292.62989,14959.40612,1114.7957,524.31792,1043.68073,7064.118534666666,6968.823855,836.836,540.328,546.621,512.325,823.731,487.734,576.8,17283.85769,9967.457231,4193.525847,12855.82071,655.1845114,707.0883624,574.7947368421053,1221.76260665,4219.6525,1663.6914,6800.667485,18083.26079,3561.2325,28367.3907
1956,947.4087,14600.8032,1295.821899,774.6877248,962.2,1916.57918,1464.14154,6877.5588,11805.74288,14357.4445,7710.4764,7589.3202,6139.03884,9513.0359,8100.603,10620.11775,17042.824,1039.24016,450.447,174.42,7205.475767333333,828.540752,380.38,399.024,397.039,549.126,902.467,586.339,494.9,14880.65746,4691.513485,2028.486167,33049.97336,202.7034724,187.9709978,567.1736842105263,1011.58741055,12105.7629,1559.2095,6908.098185,7881.963757,4578.855,22907.27208
1957,1294.0681,10186.7536,1223.945315,720.1655342,910.18,873.36319,1250.31074,4975.8867,11294.58421,4863.10851,8108.80812,2907.76681,3845.69985,14204.04615,5037.4443,3997.242,8732.48541,1294.99539,183.13568,1744.95672,7346.833,5744.292485,999.336,278.358,282.46,633.312,363.229,1311.243,583.45,13823.18928,4173.950138,4679.964597,16427.56836,1429.973622,425.7925626,559.5526315789474,742.90723005,6176.0448,497.193,8586.961305,3205.420254,2577.5631,12290.60646
1958,959.563,12298.4883,677.0327104,967.8770058,597.38,787.2445,932.55436,3685.56435,6461.92866,4426.49655,6285.28067,6799.5432,2315.40586,15395.38212,5139.54446,4036.6782,8089.38342,426.04002,770.85512,517.7095,6996.32535,2049.236764,956.384,284.376,319.058,592.677,975.32,944.869,1404.83,13175.94579,4380.987732,1669.121717,10592.04354,456.5773691,286.2739735,551.9315789473684,742.1129839,5962.1487,997.3152,6270.213947,5016.180599,5824.6384,21586.3428
1959,660.5654,10555.94,1202.452725,1023.006807,1212.848,2070.5507,1006.84584,4228.7045,9677.87892,6766.1627,4972.6155,5287.6395,2594.23784,8087.061,6375.37932,4228.05696,5404.07133,591.77808,447.8698,1889.65398,6739.21996,5508.168487,555.256,299.132,317.028,605.988,867.132,633.07,955.5,16618.53955,11395.12009,8807.307772,29011.97382,1547.032061,1318.757666,544.3105263157895,1206.19171125,5635.8208,1396.191,3559.968198,3588.235528,4794.9863,23019.4734
1960,947.3516,22515.0312,2239.900399,2549.816042,633.012,3450.09816,930.25818,11689.50853,15233.70771,6317.43598,7756.9908,25858.12896,14963.53737,15847.4232,15608.46564,7039.52434,10554.53399,1655.805,254.67372,416.28453,5236.79457,2473.866417,503.568,282.88,453.879,709.182,467.495,983.941,982.24,14175.36963,4032.918785,2801.247471,35900.94784,771.2799154,1605.985676,536.6894736842105,903.31104335,6527.881,384.803125,6723.875954,9163.933674,5600.3692,30645.14882
1961,973.269,6321.92,1710.602961,1739.487583,1157.904,1054.1632,1184.928,2176.95104,7490.13972,6070.46523,7859.566,10250.79045,4475.8142,14601.50912,6236.49437,4883.18788,6028.63035,1239.29928,537.69769,489.06,5063.29665,3377.30381,726.336,264.452,633.969,782.406,262.848,1335.367,1211.77,7656.920267,4994.300343,4282.335463,22187.65684,271.9021403,1974.755301,529.0684210526316,703.1912499499999,6025.2108,516.264,11114.06821,2588.712515,7098.8488,32530.4694
1962,72.0117,9900.4794,2456.059574,881.3833396,1857.352,1892.60968,995.47197,3817.66461,11446.25607,6063.3396,4805.80722,4657.2435,5908.8756,10602.39049,6886.14482,7687.86702,14071.22444,4085.27127,421.96924,1310.38035,9256.3344,4701.169856,818.22,320.144,488.07,737.127,641.617,1128.722,1912.12,20393.61379,5304.53984,3345.647746,12128.95694,803.6421655,789.446107,521.4473684210526,1545.855594,3411.8393,1182.43125,8713.938126,10313.49546,6461.0487,49309.0554
1963,602.0934,8906.9186,2160.174391,1106.681549,1348.032,1914.76066,2586.48685,6884.81456,9833.38448,5152.20039,4987.76463,5756.004,5578.5704,9488.15343,8926.76943,3531.19123,11145.01708,1483.32,428.2532,999.3696,22903.47618,1564.293885,565.656,404.498,364.414,608.769,1094.46,1264.327,357.42,5180.938813,3332.220983,3981.928734,31678.83556,867.7920171,403.4166289,513.8263157894737,953.54535915,3725.55,2314.564,11630.63773,6880.691575,3732.1647,19852.41544
1964,1961.1738,8904.4956,2223.534218,2603.549627,1647.164,2572.28136,1477.4445,3969.99322,9331.41423,5987.0118,2566.8324,6874.11192,5594.99248,8877.07095,4284.9328,6298.9465,10415.07972,1499.42421,411.78546,309.35,7342.71153,1528.159154,945.568,460.258,344.781,581.985,1086.209,931.364,675.78,11425.07958,2113.701203,2307.317756,18313.89641,835.9115747,342.2043284,506.20526315789476,741.98765015,3510.4065,1133.4972,6610.044897,4501.199527,2538.237,5948.6152
1965,930.1407,5366.176,1553.595372,1257.95485,1230.46,2156.26158,3385.39686,3682.25179,7727.95885,7851.74711,3607.64803,3716.07624,9406.84061,11433.50368,5444.02824,8484.7026,13412.0262,2138.75244,695.80915,560.70228,8830.453,4599.870426,1538.108,450.16,275.761,593.163,1905.685,944.166,1205.54,9159.007004,6744.434595,2319.57792,10738.81671,1100.743634,1450.006271,498.5842105263158,1850.9056955,3120.633,1775.925,4867.475974,5049.817966,6434.28,17370.00188
1966,325.1983,13113.0397,1888.784548,2459.492846,160.072,856.55906,3375.92775,8909.61805,12141.10016,7971.09696,7867.6136,6937.06896,6687.88812,15758.14716,6827.26387,5748.56781,4989.16467,3338.97648,438.10288,1271.296,16565.2409,5159.678354,1331.096,400.996,217.094,540.27,2772.003,573.759,1748.95,15562.89564,7910.013314,2977.552418,14289.17255,1503.208733,366.0812121,490.96315789473687,1293.6870978000002,6466.8992,827.3475,7267.273339,2678.376527,3343.302,27407.78898
1967,740.357,13073.164,848.9826857,911.5269649,826.948,587.295,1188.29732,8838.98905,7641.89613,7026.90532,5970.22,6766.4364,5526.38142,7574.79458,7201.1733,5895.6552,6805.15748,3315.93336,803.73474,711.069,23755.316,5887.680194,547.04,304.164,230.521,495.099,1675.138,627.816,1128.26,15140.39994,6011.481536,3429.186521,38249.00171,864.0787079,324.636582,483.3421052631579,683.3461571,4546.9928,963.0426,17220.64743,7470.021558,6632.667,39092.0937
1968,1143.393,8258.99,845.2305641,1494.643262,1527.008,2410.8651,2717.06518,4757.2135,9601.44575,6527.22952,2546.2605,8337.30726,7358.54545,18734.2789,6196.62174,6100.691,13264.27641,1183.1609,380.63277,2134.50168,13186.60865,2353.46936,924.352,292.264,229.883,500.85,433.27,693.75,585.48,13942.54577,5394.688246,2582.097697,16692.49399,905.8155307,207.2258019,475.72105263157897,1144.49985,5136.718,1344.816,8978.890873,6665.680927,5287.4055,27461.25008
1969,655.1454,6562.9888,1164.321409,690.5164422,628.864,1541.75004,358.6575,5173.7821,11655.64764,5889.6211,6423.93576,4503.31806,17098.64384,10811.9466,8592.76247,4613.21553,5996.6739,775.32844,480.284,617.53032,17673.276,2338.584318,739.492,358.394,190.414,560.844,977.281,1127.131,1034.04,8712.34762,6496.356391,2158.492786,18146.58592,749.6942288,682.2554006,468.1,1234.4213238,5871.6414,455.8086,10131.55988,6758.289985,5714.1032,25160.90698
1970,99.5316,13997.178,996.9263049,2223.473734,661.368,1379.21405,2889.59502,9798.10256,11060.6636,8787.742,6504.72088,4979.59,6133.10328,9405.07538,6195.94885,3844.86788,5074.5968,764.57626,910.32224,1640.23392,10927.6095,3186.403516,990.444,523.396,314.041,566.568,1632.551,909.164,1761.9,7028.287176,4584.205413,1091.63545,16111.60538,874.5714634,1112.442395,891.1,1038.9702171,5475.4652,1309.9907,9752.813532,4446.493375,4322.7576,9051.92992
1971,710.711,9622.6959,855.6674144,2061.604932,911.676,1050.8562,2193.2331,5852.62396,12253.9664,5122.70895,5399.08211,7556.71176,4894.83792,14923.07752,5851.35972,5817.0978,8027.03352,1312.08345,790.91868,1052.6594,3373.068,1820.508009,1081.132,591.192,485.46,559.656,1199.725,749.953,1213.03,11065.96162,7753.213612,4224.897098,16735.04922,517.1664124,1112.445638,852.9,1353.5445425,4264.3104,531.92013,8906.415452,5059.279299,3548.1154,28582.56896
1972,688.8033,14001.9558,1815.803404,1375.263221,253.028,1550.52048,2059.07785,6598.3176,9075.65494,4743.4332,3259.2,8426.37759,6500.68584,12573.95661,4510.1952,3938.159,15846.08688,719.928,1103.4002,1169.03584,7379.99274,2420.368843,1208.688,586.772,652.268,552.744,958.485,751.359,277.27,9956.458895,3785.733616,2516.551657,33327.1336,897.148081,522.8418205,803.9,963.683232,2865.6828,898.7595,12023.29097,5223.079569,5840.6874,21415.97392
1973,1119.5616,21532.812,3178.499706,1442.749168,516.12,1522.40088,1421.40532,10208.89117,12713.89168,11770.86141,2230.25825,7936.5845,4542.19212,10610.11318,3358.58474,5341.13736,6777.6192,1070.58996,506.341,978.59058,3422.49271,3117.962844,1027.468,461.142,568.081,545.832,1055.166,732.23,1220.17,6575.915817,5047.009994,2571.489401,12431.4048,617.9917281,398.2197523,985.9,1145.0504035,8119.0395,900.01125,12511.25426,6663.342948,3807.1284,25339.29288
1974,1104.641,6537.0788,815.6231281,1674.597607,1066.24,2559.49722,584.40708,5246.802,6563.59376,5441.0496,4161.957,5185.14711,4189.2864,10147.44672,6455.40372,5641.75182,5568.28896,1005.9816,843.2312,994.49496,7710.297,2258.57642,1601.548,338.232,466.842,476.577,1599.954,840.899,222.18,8945.31106,4329.409251,3475.728342,24473.71086,464.5481413,1793.585265,784.2,1458.8276,6481.6941,796.887,6205.028548,5121.156186,2905.5187,37508.922
1975,751.1326,10319.07,1314.515798,2918.028517,958.732,1514.3279,2144.94084,5317.89615,7607.5845,4904.74656,4281.29121,6084.753,4271.8728,10400.4095,7071.84579,5346.81234,9145.24425,2601.1215,557.35922,1856.21408,10258.9883,3358.445657,836.784,397.766,371.142,439.83,680.282,665.334,311.71,9863.601183,3753.462784,1232.721856,12685.32439,830.8305538,1156.305177,1116.8,812.9894742500001,7117.7392,970.77072,5984.211332,4259.136706,6134.0884,12164.38894
1976,880.9255,19829.1444,1613.641724,1564.534259,882.436,1153.0728,798.92266,6853.69551,9585.28838,4940.92036,2465.43612,11352.8175,4001.9982,19378.68496,9952.7928,7164.1944,15349.9608,2119.64802,668.35516,977.69356,8833.42878,5411.363376,580.632,560.728,355.888,526.446,319.421,215.044,373.45,13735.61663,4675.835385,6228.291098,24109.67612,1507.745113,606.0152442,641.9,668.9971350999999,8715.3696,1576.89,9051.511322,5787.812522,5371.3404,13999.8056
1977,1480.449,12817.7075,1257.846947,878.0410378,745.348,1104.3396,352.8,13793.8108,14473.8936,6725.7075,18352.08724,10368.47727,2840.427,11040.5934,3107.77975,5014.61136,6249.9364,2308.26602,564.5865,537.71946,2886.744,4058.669648,1181.96,889.746,325.09,568.323,648.388,543.271,374.85,15558.18412,16703.13421,2111.846133,20106.89435,708.6062989,768.0608444,401.2,817.71405695,7728.2475,893.27826,7418.011111,3100.664923,7193.0,9605.26776
1978,590.0634,3800.7892,2139.671556,718.4392944,792.608,1899.5328,1658.10806,3301.67994,7040.55264,2695.02075,4419.64782,1902.23386,3363.46673,8644.3107,12001.99875,5549.8975,6917.89656,1023.4819,322.0227,1936.43394,3248.56875,3739.468569,989.196,1076.372,468.263,392.607,1339.252,1485.143,910.35,9353.313981,5310.70405,347.124924,9229.578863,581.5583019,804.9855244,490.1,1236.0884166,2504.7839,1928.34125,6209.016693,3087.176186,2447.9212,14543.12706
1979,1360.37,8520.5904,1647.838927,1054.546339,771.8,1850.04171,1370.65068,6626.30026,11668.29813,6600.5079,6260.259,11033.5447,6418.61093,17816.12805,3678.7779,7147.80319,9349.37794,1760.7357,605.94884,1230.12099,3315.0188,1606.061013,544.128,1119.314,445.44,488.43,1120.027,890.109,780.08,8960.196618,5498.449963,1381.63448,9719.359212,930.761515,340.9275218,791.8,846.75995705,7679.217,1306.555,8171.397619,8687.973814,5732.3042,10476.66004
1980,1294.5074,5720.9482,1362.220594,1741.293719,1305.668,1543.3943,1114.54312,6248.92842,9530.09472,5190.5541,4417.59432,6286.43272,3274.32528,12183.54888,3545.1351,3053.30189,7315.3065,2670.38424,201.84887,941.22502,11872.36584,3503.288226,269.048,957.202,488.853,706.644,2167.275,796.869,604.87,5038.537704,3804.818478,2716.77356,55351.31137,960.3444341,233.8570783,960.6,688.6834633000001,5788.92,1230.12,1773.531502,3979.535351,4783.3788,16066.798
1981,1591.266,12660.4808,1549.694335,731.323075,419.016,1848.57004,976.4349,3992.61968,9335.04858,4077.98071,3812.5956,9071.38683,3774.45586,10847.54508,4777.37088,5830.84881,9296.57754,695.097,702.08502,2076.49202,6676.40369,1126.325133,474.76,901.612,672.713,734.697,1802.788,640.84,570.15,9334.63397,5133.000172,2393.6845,12189.39384,555.0512216,914.2836422,758.9,840.0647379499999,6284.5608,1219.2075,11857.1591,3548.823026,3098.2578,9245.62694
1982,1401.2676,11031.816,925.4626667,1630.549154,355.368,893.016,2069.331,9318.37608,6329.11344,7582.93416,2778.83664,4412.66,4129.7949,9402.45148,5192.93832,5560.797,14214.584,568.428,863.34967,1815.79397,8469.3304,2963.470365,457.6,728.382,620.484,577.611,1040.107,488.363,92.33,11699.34728,5251.23466,2286.022,9148.096555,785.6613819,429.333507,416.9,687.6394615,4800.4422,484.704,12442.95658,3178.394234,3333.008,14050.4078
1983,1469.1768,13065.4953,770.0734865,1365.307292,671.908,2709.93593,1128.7269,8184.00842,14439.4875,8679.88014,4211.45672,8010.144,1752.1812,12255.685,7829.86158,4753.9926,5745.43748,508.82748,1096.12216,1583.83935,21799.48812,3533.362695,712.816,876.112,620.484,526.446,838.42,534.872,810.88,13993.89929,6113.29833,1096.5871,13642.3847,453.5996221,453.4048214,373.3,834.1166696,3929.751,1256.6295,2891.158592,5050.479668,3757.5414,27947.0697
1984,1283.6934,10088.89,693.5107745,1790.384231,1329.74,1153.86829,1876.8192,9141.22352,11345.47909,6286.39896,5060.59965,8239.95194,3131.52695,9119.0236,6657.07301,4491.11208,13775.7256,1626.0,453.4608,1552.77675,16640.16148,3381.103523,711.152,990.794,620.484,590.139,590.89,266.659,710.5,8340.386006,4912.34683,920.799,26287.14844,276.1628046,752.3697048,704.4,1303.409768,5245.1392,259.398185,3918.082702,7314.675268,5976.6096,12362.31612
1985,1412.4336,9902.802,1161.047836,519.5362256,882.572,339.2468,2148.0675,5292.67431,6233.96478,7040.40825,3282.08244,6815.39567,6369.68416,18793.79712,5800.80868,8320.50976,11659.61286,997.98795,446.68656,2298.83597,10460.80704,2517.177441,873.548,1015.274,620.484,678.915,859.103,254.375,340.27,14954.41179,5227.560596,5037.23,5669.890675,1159.827038,1380.523558,1654.3,1339.93262415,7682.5843,778.201935,3885.93639,5992.556063,3591.57,5976.46368
1986,892.0896,8331.1104,2448.700865,1552.753524,1848.784,1252.3302,1069.4145,5806.88352,6697.60798,4026.74971,3746.48976,4452.50816,6488.46275,16151.96862,2452.94079,3279.7947,9692.66,2235.324,301.27635,1353.534,3534.2475,2706.031589,656.76,871.896,620.484,670.896,767.158,447.478,799.19,8385.231393,7894.328247,1960.7035,9110.360561,541.8431138,428.40145,1229.5,1174.1549936,3087.6948,2880.316667,9661.912583,4700.948464,4759.4215,8465.27418
1987,729.379,12777.96,1473.487961,1070.899893,339.66,1761.59949,642.0252,6230.51177,6774.67113,4449.11964,3667.95,6151.79724,3082.6668,16069.5687,7697.09304,3781.2868,7134.99384,1005.723,892.4981,620.28936,5536.33976,4160.640569,366.652,678.164,620.484,479.574,1195.692,368.261,815.15,14826.02423,5606.250007,1205.47623,10552.55988,237.4407933,257.0474676,857.9,987.2446986,4397.54,2880.316667,11243.03591,9072.390268,5918.9896,22631.02191
1988,795.2557,8652.3135,939.9639115,479.1718454,587.996,2781.52695,1068.834,6287.8872,9836.03856,11633.67128,2471.448,7290.2256,1503.86112,8481.11964,6111.00096,5171.21426,8561.89818,1013.04414,905.35506,756.84294,12428.878,4769.498548,346.268,670.956,620.484,390.906,1635.067,822.621,321.16,12902.45574,3497.024072,3214.17705,18338.03876,406.8182203,584.8571666,712.6,1268.9141015,5590.3896,2880.316667,4766.736412,3647.818364,3351.348,37496.06832
1989,1732.8402,12769.6842,1376.289063,422.038427,892.364,1551.30775,1266.85408,3222.00922,7009.32225,3078.299,4819.02638,11099.62208,1802.63724,24638.96753,8792.47296,7473.083,10040.5536,1816.00524,519.98706,999.84012,13163.210432,2568.835332,428.428,930.206,620.484,579.555,1355.273,1689.05,557.76,18736.33356,3236.386327,1144.788,18570.1598,296.1139571,636.4355785,323.0,1577.2982604,7350.1472,2880.316667,19174.21376,3260.727525,3854.1778,10310.77008
1990,1333.0884,4462.2925,1678.951844,399.4044861,556.58,641.25498,743.51368,6606.89403,5937.0021,7073.85922,2012.00007,6976.9824,1365.4476,13431.92652,8020.4184,3544.91735,10354.7217,875.32313,408.2186,766.5344,13897.542864000001,2745.117836,1018.836,987.87,620.484,613.494,2066.117,1142.634,569.45,9081.076182,5064.573091,1034.53904,13704.55089,628.4185314,254.6868787,390.0,1414.07612,6220.6296,2880.316667,18524.82119,3751.132685,7320.859,9195.16032
1991,1221.184597,6379.8982,642.1264964,561.2464671,944.86,945.08508,1165.6887,7873.34068,6081.3258,5379.76208,4309.9423,7874.36,2974.70454,13946.3998,6463.534,2718.40438,6833.12789,1607.6575,911.95335,651.84,14631.875296,2455.944525,720.512,960.908,620.484,619.542,1205.83,481.592,496.58,20068.92908,3364.788745,518.682,11866.34896,1009.325558,981.6058336,642.4,1358.807923,4679.8047,2880.316667,8292.249201,2255.468119,2555.5392,15379.30076
1992,1149.255835,13444.0704,1221.420649,632.9911318,658.852,2145.2376,2462.34876,10725.2124,11549.32935,5224.0496,3812.949,7980.22495,6523.10028,14136.44538,8875.32477,4898.66696,12956.8592,2496.53593,357.70686,341.62128,15366.207728000001,2653.938014,283.4,884.068,620.484,575.208,545.232,815.369,663.74,11414.94057,4606.431684,2340.26025,29634.18832,1469.59362,859.0348807,652.3,1157.891058,4083.0075,2880.316667,15558.08296,7610.226078,4326.406800000001,29787.71264
1993,522.753643,9007.7715,4385.77119,1821.53988,655.316,1675.51272,750.72,5219.06301,7557.72686,5656.69328,2917.07,9181.57768,5636.67836,15929.39133,5600.26338,2548.7412,4537.0,1070.62056,498.84525,700.62634,16100.54016,2109.71942,521.56,864.756,620.484,452.682,524.771,1348.169,875.98,15969.87834,6122.485349,5363.7913,14369.37355,326.9708428,304.2301956,464.0,1600.706471,5141.0952,2880.316667,14807.15784,3824.37375,6097.2744,18471.4371
1994,1509.122473,6206.3199,5158.272413,2236.146615,624.172,1524.93751,211.8402,5926.47072,3384.2175,5325.71824,2073.82491,5424.5411,3611.14,16473.5928,6695.3997,4677.44214,7439.6684,1151.32779,539.10504,1063.46968,8822.12355,2002.494032,854.724,864.756,620.484,474.984,739.223,1588.336,578.27,10069.29866,3218.604937,1955.8486,9538.247221,990.5911854,779.4486904,553.7,1249.039248,6542.532,2880.316667,9267.241723,2901.502478,4334.375,10332.8535
1995,1333.489727,10766.7522,6064.849698,5783.870216,505.376,766.06208,995.8641,6288.795,7812.05745,2236.542,1574.09915,9968.3003,3251.38119,8962.7949,5581.85049,4074.35328,9522.14393,2390.74416,355.3613,1302.56637,2225.66575,2975.932292,583.44,864.756,620.484,578.988,457.32,795.056,883.12,14206.57272,2474.942607,6350.84236,9538.247221,399.8150459,592.376341,412.2,391.451267,4748.5905,2880.316667,8178.767478,4124.179686,5202.8448,17522.34484
1996,1104.200086,9853.032,5094.372888,4561.945951,717.876,1106.3964,1683.01802,4742.13134,6930.33824,6456.58711,1257.68108,3679.78422,2087.5382,9334.64576,3641.2023,6488.50176,8832.85165,2620.20924,831.13582,1523.06967,8839.57656,1388.053665,721.916,864.756,620.484,607.176,375.328,480.075,1446.06,10735.92606,2474.942607,6350.84236,9538.247221,895.6792928,344.2506917,848.4,485.453942,10001.241,2880.316667,8178.767478,6206.315421,2734.0698,12194.8001
