year,"JRI (Aristarain et al., 2004)",Ferrigno,ITASE-01-3,WD05A 112.125W,ITASE-00-5
2010,,-195.7037,,,
2009,,-200.4321,,,
2008,,-213.1567,,,
2007,-159.8656,-193.6553,,,
2006,-135.4879,-195.7607,,-257.97,
2005,-147.5209,-185.3577,,-254.15,
2004,-144.8555,-196.7458,,-269.5595238,
2003,-148.6982,-207.5915,,-276.6131579,
2002,-153.0802,-190.0666,,-275.4619048,
2001,-135.9841,-180.275,-255.286,-277.5510526,
2000,-142.4262,-194.8265,-231.391,-260.9252381,
1999,-137.4388,-204.9464,-244.56,-272.0021053,-280.78475
1998,-142.4478,-202.6482,-245.656,-254.8628571,-269.26115
1997,-144.9565,-192.5793,-248.272,-274.9905263,-264.1979
1996,-144.0399,-207.3068,-255.838,-281.1452381,-254.2478
1995,-140.2485,-195.6229,-243.198,-269.2084211,-263.49685
1994,-137.3352,-204.6584,-248.771,-276.1961905,-256.45095
1993,-142.366,-198.4,-248.593,-253.2789474,-266.3078
1992,-141.5394,-207.4922,-243.89,-246.9157143,-247.9549
1991,-142.8111,-206.273,-250.731,-271.9457895,-263.70025
1990,-155.8586,-196.3251,-262.906,-260.2061905,-257.2861
1989,-126.6913,-206.3993,-263.612,-256.3826316,-266.6699
1988,-153.5852,-183.7332,-244.768,-272.6466667,-259.6492
1987,-147.43,-196.4817,-252.933,-279.2221053,-270.159
1986,-162.8816,-208.1689,-247.19,-285.0042857,-271.289
1985,-137.9976,-207.1798,-260.861,-265.1842105,-268.756
1984,-148.1801,-195.8602,-259.319,-277.1085714,-255.4979
1983,-141.727,-187.435,-244.644,-275.0257895,-263.50295
1982,-151.2444,-200.6041,-266.378,-265.077619,-270.51825
1981,-142.9228,-204.254,-254.392,-276.6815789,-268.57095
1980,-161.9697,-199.6712,-253.949,-251.8390476,-239.8951
1979,-149.5757,-214.5361,-245.059,-242.4615789,-273.9249
1978,-145.498,-209.3457,-249.788,-254.1780952,-276.951
1977,-151.253,-197.6737,-250.9,-270.9463158,-279.35905
1976,-133.0807,-202.4881,-259.192,-266.5995238,-271.35905
1975,-154.684,-197.1267,-260.708,-259.8089474,-258.3192
1974,-143.2311,-193.0676,-255.541,-266.0747619,-252.5879
1973,-134.4717,-199.2603,-256.825,-278.6668421,-262.6252
1972,-151.4425,-212.1826,-257.845,-264.4571429,-256.57015
1971,-141.2,-217.7315,-268.629,-263.0752632,-268.4569
1970,-156.6039,-198.0612,-245.169,-282.8361905,-261.314
1969,-143.7436,-213.635,-265.013,-274.4247368,-256.31985
1968,-161.3457,-212.5905,-247.729,-287.9404762,-247.51595
1967,-153.0764,-215.0531,-249.513,-262.4057895,-262.4422
1966,-147.135,-205.945,-251.577,-269.872381,-275.0428
1965,-153.0629,-196.0887,-254.44,-271.5584211,-256.12585
1964,-151.2236,-200.68,-258.416,-275.5485714,-263.45595
1963,-147.31,-216.2171,-258.891,-279.5568421,-267.647
1962,-151.4993,-207.1757,-255.327,-265.6271429,-273.31075
1961,-149.325,-206.7108,-249.749,-255.0915789,-260.8869
1960,-156.1825,-200.592,-240.063,-283.6485714,-255.23505
1959,-154.5683,-212.3618,-259.092,-279.3989474,-261.312
1958,-159.5788,-220.7354,-258.964,-275.272381,-251.90195
1957,-148.3592,-204.0348,-262.626,-279.9331579,-247.1
1956,-141.1367,-223.8119,-253.095,-264.5361905,-269.80105
1955,-140.8467,-205.3546,-256.234,-266.9205263,-272.8268
1954,-140.0556,-201.9607,-264.463,-271.2809524,-263.01995
1953,-155.1381,-207.875,-255.583,-268.35,-262.39015
1952,-143.3481,-205.4817,-259.746,-264.977619,-262.0789
1951,-161.3933,-206.108,-258.646,-276.5778947,-271.206
1950,-134.6871,-198.767,-249.265,-276.5747619,-263.8839
1949,-158.9529,-196.6639,-250.391,-273.7373684,-258.387
1948,-164.7621,-199.0907,-259.973,-271.03,-258.21905
1947,-161.8667,-223.8008,-257.87,-266.5394737,-271.8061
1946,-146.989,-217.7029,-245.914,-257.9271429,-260.65495
1945,-152.4457,-181.471,-242.694,-261.5889474,-245.1288
1944,-152.7029,-212.1263,-238.081,-259.5661905,-259.3732
1943,-146.215,-196.8971,-272.303,-270.3063158,-271.2691
1942,-137.818,-205.7403,-269.147,-263.1414286,-267.76425
1941,-155.5737,-214.3832,-241.431,-251.4126316,-254.37225
1940,-163.5863,-196.0894,-235.005,-259.6038095,-256.28495
1939,-158.7033,-209.2838,-252.562,-256.4494737,-245.06385
1938,-160.011,-205.4041,-241.824,-264.4547619,-246.26525
1937,-151.483,-212.3069,-257.314,-279.18,-253.0358
1936,-140.9779,-207.2503,-266.742,-276.6438095,-247.0551
1935,-132.0567,-210.2102,-252.982,-279.8236842,-246.16125
1934,-146.1558,-226.9123,-261.019,-268.5333333,-261.20915
1933,-145.525,-197.8285,-250.622,-272.9394737,-267.60025
1932,-157.2007,-201.6365,-250.427,-268.1171429,-268.64675
1931,-150.8892,-200.9632,-254.967,-269.9521053,-257.43485
1930,-150.86,-200.4548,-241.804,-272.2695238,-250.0909
1929,-163.2675,-221.0081,-261.552,-271.1931579,-258.6
1928,-145.41,-214.9177,-264.158,-269.5171429,-262.88675
1927,-164.538,-213.3839,-242.366,-268.0663158,-257.78805
1926,-162.5958,-211.5736,-252.287,-259.2766667,-268.74905
1925,-158.6258,-195.9033,-242.914,-276.2815789,-258.026
1924,-146.0271,-209.4564,-252.212,-274.0090476,-255.4082
1923,-154.8633,-203.7439,-257.302,-272.0294737,-252.9029
1922,-161.438,-206.2989,-253.582,-280.0347619,-262.6772
1921,-147.93,-201.0555,-245.033,-274.6268421,-272.37285
1920,-152.104,-198.9822,-244.613,-274.0438095,-259.60515
1919,-153.2775,-203.6703,-254.823,-261.1042105,-259.369
1918,-154.015,-209.2216,-255.475,-262.8347619,-266.6108
1917,-157.955,-198.7845,-256.532,-263.4563158,-249.95315
1916,-149.3707,-209.0313,-255.837,-273.3719048,-256.84295
1915,-144.45,-197.5943,-255.566,-265.6531579,-264.48125
1914,-152.09,-201.6071,-254.326,-268.2366667,-270.7501
1913,-142.692,-212.0943,-264.048,-255.6031579,-256.7762
1912,-157.074,-214.7224,-244.731,-265.0652381,-250.22595
1911,-159.6483,-218.0176,-255.772,-283.0221053,-256.1988
1910,-147.4208,-225.5411,-251.602,-279.3652381,-272.6851
1909,-141.378,-231.0547,-253.61,-270.0168421,-273.44295
1908,-147.6567,-197.9269,-253.277,-272.54,-264.19615
1907,-152.618,-199.9608,-258.316,-263.5694737,-271.0578
1906,-156.485,-204.7034,-278.355,-263.0319048,-255.6152
1905,-154.611,-199.2762,-277.763,-269.3389474,-255.48505
1904,-142.052,-181.1369,-255.016,-267.442381,-270.93095
1903,-154.3192,-187.1746,-259.989,-282.7436842,-266.0659
1902,-138.866,-210.7582,-253.194,-259.332381,-253.76905
1901,-162.444,-198.6799,-252.701,-267.4157895,-260.2601
1900,-154.4663,-210.9149,-249.29,-264.502381,-256.0438
1899,-164.7038,-201.5157,,-256.7447368,-239.5907
1898,-145.2312,-204.4086,,-266.0671429,-245.0844
1897,-141.25,-212.7992,,-268.7447368,-250.4428
1896,-155.73,-198.1428,,-282.7928571,-258.9405
1895,-150.76,-206.74,,-274.7252632,-262.2849
1894,-148.1887,-212.5177,,-270.9638095,-270.5049
1893,-134.618,-193.0562,,-276.0231579,-272.5522
1892,-144.452,-195.8354,,-279.5980952,-270.2446
1891,-136.794,-192.3017,,-264.7336842,-272.8582
1890,-135.213,-196.1329,,-276.082381,-256.9184
1889,-138.52,-205.7306,,-264.7957895,-257.8881
1888,-140.711,-201.21,,-272.8228571,-260.9798
1887,-144.842,-207.3636,,-270.8442105,-257.9168
1886,-147.145,-178.8472,,-261.29,-269.1766
1885,-145.06,-211.5948,,-252.2310526,-261.0066
1884,-148.595,-203.5902,,-242.4071429,-253.3265
1883,-153.254,-210.8409,,-259.7221053,-247.7705
1882,-154.345,-214.7357,,-273.0752381,-255.6225
1881,-160.0575,-196.914,,-268.8815789,-257.7554
1880,-141.112,-193.4296,,-270.9133333,-266.1551
1879,-151.56,-214.3834,,-262.3494737,-273.1241
1878,-158.19,-186.4452,,-248.2114286,-265.3039
1877,-157.2475,-191.5188,,-254.1278947,-239.6787
1876,-145.28,-199.1951,,-273.2442857,-254.9871
1875,-144.608,-194.1404,,-269.3915789,-270.4002
1874,-143.008,-182.4992,,-262.5771429,-274.3744
1873,-164.512,-207.6588,,-266.7910526,-260.8566
1872,-137.828,-209.9101,,-265.7980952,-260.4002
1871,-158.51,-190.3636,,-268.7973684,-267.5048
1870,-145.226,-212.9947,,-281.8990476,-273.7073
1869,-139.1617,-211.8398,,-268.5326316,-270.1465
1868,-147.616,-200.821,,-262.8980952,-261.5597
1867,-162.092,-195.497,,-261.8057895,-259.3769
1866,-156.045,-194.6217,,-268.0290476,-263.4577
1865,-157.625,-195.1639,,-270.3842105,-262.9228
1864,-154.2085,-210.4008,,-260.5342857,-261.6684
1863,-150.792,-210.0702,,-271.3710526,-264.19
1862,-145.76,-194.9463,,-267.0580952,-276.9823
1861,-136.5617,-213.5121,,-256.6131579,-269.976
1860,-146.806,-205.0951,,-277.7514286,-255.4683
1859,-146.286,-216.2821,,-274.7752632,-255.6698
1858,-154.936,-207.5274,,-271.7738095,-264.5356
1857,-143.16,-207.3763,,-265.6978947,-261.0141
1856,-145.732,-209.6375,,-270.9742857,-253.8765
1855,-133.122,-205.0221,,-265.3026316,-252.4273
1854,-145.0325,-196.5954,,-256.9404762,-260.2489
1853,-155.5875,-211.2662,,-263.0810526,-272.6145
1852,-149.23,-196.7149,,-269.8457143,-270.0056
1851,-144.86,-222.0966,,-278.9194737,-264.1055
1850,-151.4125,-203.3233,,-274.5961905,-257.7666
1849,-150.2167,-213.0861,,-281.2231579,-265.0647
1848,-153.642,-205.4377,,-265.1747619,-257.6018
1847,-149.0225,-212.5521,,-277.08,-264.6136
1846,-155.218,-220.5046,,-285.8947619,-263.28
1845,-161.356,-220.0371,,-271.1747368,-266.0399
1844,-166.4525,-214.1726,,-271.9142857,-263.8496
1843,-145.4588,-216.397,,-274.0273684,-267.3411
1842,-161.63,-214.4734,,-276.1133333,-264.9437
1841,-132.2025,-210.575,,-275.2826316,-254.4555
1840,-148.2467,-228.6769,,-262.6252381,-274.8725
1839,-152.794,-216.665,,-246.6815789,-270.4395
1838,-149.4112,-192.1243,,-268.4333333,-254.3171
1837,-136.7,-196.7704,,-271.2536842,-249.0882
1836,-139.8638,-213.2477,,-274.3761905,-263.4192
1835,-144.0188,-210.9936,,-266.4968421,-249.3064
1834,-149.88,-199.5957,,-257.4828571,-248.0123
1833,-144.8487,-202.1668,,-252.81,-262.9595
1832,-145.2156,-204.2774,,-253.7842857,-271.1454
1831,-156.118,-202.6879,,-271.0163158,-273.7253
1830,-137.194,-184.664,,-254.1395238,-265.0152
1829,-145.7858,-195.6299,,-259.4905263,-264.8135
1828,-148.7797,-213.5744,,-264.602381,-262.6976
1827,-160.775,-206.6242,,-264.1931579,-262.8673
1826,-152.725,-202.4217,,-265.647619,-251.9212
1825,-148.3925,-203.3939,,-260.9705263,-265.6776
1824,-145.9025,-191.352,,-259.5285714,-264.1161
1823,-155.41,-191.8761,,-263.1,-257.7938
1822,-145.1,-193.1368,,-274.9319048,-272.2711
1821,-148.43,-200.7732,,-276.0315789,-276.7296
1820,-134.2175,-217.1493,,-272.9504762,-259.028
1819,-138.74,-190.8157,,-266.1794737,-250.3045
1818,-138.278,-205.9487,,-265.6561905,-252.2481
1817,-148.5125,-197.4913,,-285.4684211,-260.6611
1816,-158.2025,-201.9016,,-280.2038095,-263.8228
1815,-156.41,-212.8727,,-279.5368421,-263.7674
1814,-139.608,-212.5829,,-267.2890476,-267.9473
1813,-147.9425,-208.4276,,-262.3042105,-265.7634
1812,-143.838,-213.9962,,-274.5242857,-262.4075
1811,-148.39,-187.0593,,-270.4489474,-263.419
1810,-153.6925,-186.6054,,-278.9304762,-275.7482
1809,-148.7875,-202.8431,,-283.8573684,-278.7232
1808,-145.34,-209.2038,,-273.7314286,-281.2766
1807,-144.985,-211.1306,,-276.0494737,-282.9018
1806,-149.5767,-203.3866,,-273.4833333,-271.1441
1805,-151.5133,-189.7531,,-257.5442105,-262.8801
1804,-163.6175,-215.5116,,-255.8561905,-255.6074
1803,-146.94,-208.8142,,-248.6621053,-255.3728
1802,-144.2413,-204.7938,,-261.7304762,-260.2317
1801,-151.2075,-209.975,,-264.6473684,-261.966
1800,-142.9167,-203.3923,,-272.6,-269.5205
1799,-153.3625,-213.1,,-269.78,
1798,-147.2467,-212.6126,,-247.7009524,
1797,-156.7125,-213.3567,,-268.9957895,
1796,-164.1233,-206.8011,,-281.4747619,
1795,-136.535,-221.0556,,-275.2973684,
1794,-146.0183,-205.1013,,-259.9671429,
1793,-142.51,-196.7933,,-265.3578947,
1792,-141.1033,-202.869,,-268.6938095,
1791,-165.225,-206.3295,,-264.5873684,
1790,-148.3887,-207.635,,-264.8733333,
1789,-149.6833,-196.999,,-261.7568421,
1788,-143.825,-196.4125,,-267.0580952,
1787,-147.205,-186.022,,-270.6073684,
1786,-153.5958,-184.2034,,-254.2733333,
1785,-143.3167,-195.745,,-262.2457895,
1784,-151.1681,-192.0333,,-269.6980952,
1783,-145.2617,-190.7676,,-258.0663158,
1782,-150.5492,-189.1801,,-277.36,
1781,-158.1572,-199.6075,,-273.7178947,
1780,-142.8,-212.6959,,-274.4142857,
1779,-146.1287,-183.8302,,-265.6726316,
1778,-145.8325,-212.0154,,-263.172381,
1777,-152.6742,-206.0635,,-252.5489474,
1776,-151.6417,-195.0734,,-273.0857143,
1775,-147.7267,-202.7167,,-259.0589474,
1774,-149.4678,-188.8979,,-274.9038095,
1773,-142.1164,-186.6206,,-271.7242105,
1772,-132.9717,-210.7257,,-267.8780952,
1771,-144.8656,-178.5203,,-260.3594737,
1770,-142.8722,-185.9191,,-264.0819048,
1769,-149.1256,-216.9186,,-267.4794737,
1768,-145.815,-190.8913,,-267.3380952,
1767,-155.6556,-187.2531,,-267.4257895,
1766,-141.0711,-200.5673,,-257.8957143,
1765,-130.1361,-189.2512,,-259.5689474,
1764,-147.8244,-208.9089,,-275.7,
1763,-129.0156,-205.467,,-273.8952632,
1762,-139.01,-198.6483,,-277.9909524,
1761,-142.6922,-196.6274,,-259.3826316,
1760,-153.14,-222.1005,,-273.9504762,
1759,-179.5467,-197.2705,,-271.5915789,
1758,-152.7175,-203.7015,,-279.7166667,
1757,-145.8433,-208.9217,,-272.5094737,
1756,-147.7133,-199.0985,,-272.0157143,
1755,-154.3244,-203.3096,,-261.4221053,
1754,-129.9778,-206.3871,,-262.3638095,
1753,-123.6422,-227.6032,,-277.4126316,
1752,-157.2289,-193.1839,,-276.947619,
1751,-161.565,-198.7152,,-260.1847368,
1750,-148.2933,-217.9117,,-266.3890476,
1749,-151.4944,-208.0956,,-274.0810526,
1748,-140.6811,-218.4126,,-263.2828571,
1747,-146.9711,-220.5054,,-272.9763158,
1746,-160.7867,-206.4532,,-275.8966667,
1745,-139.6822,-206.1166,,-276.2010526,
1744,-146.95,-218.1781,,-264.8880952,
1743,-141.4467,-203.8933,,-281.5131579,
1742,-152.5117,-212.8723,,-279.5909524,
1741,-152.6044,-202.6307,,-285.2747368,
1740,-149.3206,-199.1823,,-265.2880952,
1739,-157.535,-196.1452,,-268.2168421,
1738,-139.4775,-218.9774,,-265.0095238,
1737,-147.1383,-213.4049,,-262.4773684,
1736,-151.8467,-200.7822,,-262.1742857,
1735,-144.6417,-190.2753,,-260.8421053,
1734,-151.41,-199.41,,-258.4666667,
1733,-150.5333,-200.5041,,-260.91,
1732,-155.4067,-197.5725,,-271.8133333,
1731,-145.7244,-211.5814,,-266.8236842,
1730,-149.46,-207.6971,,-262.9671429,
1729,-166.3133,-190.0773,,-266.9131579,
1728,-155.5317,-204.7726,,-265.9814286,
1727,-141.5967,-220.1224,,-268.3278947,
1726,-143.5217,-203.2689,,-261.7428571,
1725,-153.995,-209.5652,,-281.0321053,
1724,-162.3217,-213.8051,,-264.6090476,
1723,-153.2144,-209.022,,-253.2715789,
1722,-140.9233,-190.9999,,-272.3466667,
1721,-147.795,-185.5399,,-266.9542105,
1720,-160.0767,-199.63,,-272.0680952,
1719,-163.1283,-196.5966,,-262.5815789,
1718,-142.3333,-199.8466,,-270.1485714,
1717,-147.3883,-220.4232,,-280.7221053,
1716,-150.3689,-212.1563,,-274.6257143,
1715,-143.5983,-195.2036,,-277.6605263,
1714,-138.3956,-211.3746,,-270.9833333,
1713,-156.17,-211.1016,,-266.6194737,
1712,-154.95,-202.076,,-275.8861905,
1711,-154.3144,-192.8633,,-284.7705263,
1710,-159.0867,-191.0667,,-275.9866667,
1709,-157.13,-192.6664,,-269.3510526,
1708,-138.3867,-202.444,,-266.0466667,
1707,-154.9383,-210.6982,,-260.6489474,
1706,-151.95,-205.887,,-270.9247619,
1705,-152.9383,-202.2828,,-275.8084211,
1704,-150.6856,-213.762,,-261.5652381,
1703,-149.66,-208.468,,-260.2610526,
1702,-138.6756,,,-274.2904762,
1701,-140.7183,,,-267.5510526,
1700,-143.2689,,,-280.2771429,
1699,-148.325,,,-286.2294737,
1698,-153.3644,,,-265.8466667,
1697,-145.2867,,,-248.4652632,
1696,-150.7517,,,-258.5242857,
1695,-149.75,,,-251.68,
1694,-156.8567,,,-264.5338095,
1693,-165.7544,,,-265.6352632,
1692,-158.09,,,-261.4757143,
1691,-158.1233,,,-262.3484211,
1690,-151.3367,,,-261.6452381,
1689,-147.9533,,,-263.3352632,
1688,-169.8422,,,-266.9019048,
1687,-162.1817,,,-262.5863158,
1686,-154.2,,,-271.1985714,
1685,-155.3011,,,-262.2584211,
1684,-148.2567,,,-269.9785714,
1683,-161.7967,,,-283.8278947,
1682,-151.5956,,,-288.3571429,
1681,-155.1808,,,-280.8442105,
1680,-170.3133,,,-277.7214286,
1679,-140.1989,,,-273.9805263,
1678,-153.1367,,,-267.6866667,
1677,-145.7517,,,-261.3452632,
1676,-148.36,,,-269.0442857,
1675,-145.3425,,,-267.57,
1674,-140.72,,,-273.172381,
1673,-156.365,,,-269.3878947,
1672,-150.7983,,,-269.372381,
1671,-132.5125,,,-267.7131579,
1670,-135.025,,,-262.5314286,
1669,-151.9833,,,-269.7331579,
1668,-154.63,,,-277.9457143,
1667,-143.425,,,-273.5726316,
1666,-147.8375,,,-271.2638095,
1665,-148.855,,,-273.6626316,
1664,-154.375,,,-263.5109524,
1663,-146.5975,,,-248.6026316,
1662,-144.4525,,,-271.0695238,
1661,-148.14,,,-266.6694737,
1660,-148.1025,,,-259.23,
1659,-146.2275,,,-252.7010526,
1658,-154.4625,,,-251.5066667,
1657,-140.3,,,-255.4342105,
1656,-156.0725,,,-268.5295238,
1655,-151.99,,,-263.3052632,
1654,-158.4125,,,-263.8814286,
1653,-165.27,,,-269.9089474,
1652,-150.7217,,,-270.6633333,
1651,-136.965,,,-262.1189474,
1650,-175.8925,,,-264.1038095,
1649,-155.3675,,,-272.4310526,
1648,-151.0625,,,-270.7614286,
1647,-146.1533,,,-279.07,
1646,-140.685,,,-271.1247619,
1645,-160.935,,,-268.9068421,
1644,-147.835,,,-267.3728571,
1643,-160.105,,,-284.0205263,
1642,-167.57,,,-277.8409524,
1641,-151.32,,,-273.6842105,
1640,-168.145,,,-260.7161905,
1639,-146.565,,,-258.0031579,
1638,-153.125,,,-281.0904762,
1637,-151.625,,,-258.7115789,
1636,-140.32,,,-269.6347619,
1635,-158.3367,,,-254.9889474,
1634,-144.355,,,-262.0971429,
1633,-163.12,,,-266.2573684,
1632,-142.125,,,-264.2185714,
1631,-139.7,,,-273.0373684,
1630,-140.025,,,-270.8504762,
1629,-132.985,,,-260.3157895,
1628,-157.085,,,-264.2438095,
1627,-153.0733,,,-264.0163158,
1626,-156.965,,,-269.6352381,
1625,-152.54,,,-273.9747368,
1624,-154.39,,,-270.3685714,
1623,-142.05,,,-261.2210526,
1622,-146.7,,,-280.5690476,
1621,-123.435,,,-271.4710526,
1620,-147.64,,,-271.592381,
1619,-151.41,,,-273.65,
1618,-144.16,,,-280.04,
1617,-140.3867,,,-264.6678947,
1616,-138.21,,,-264.6090476,
1615,-158.265,,,-280.2726316,
1614,-142.59,,,-265.9566667,
1613,-157.355,,,-267.2147368,
1612,-141.92,,,-259.3090476,
1611,-151.445,,,-268.1536842,
1610,-151.945,,,-270.0971429,
1609,-155.745,,,-264.4452632,
1608,-155.375,,,-263.3661905,
1607,-145.315,,,-283.2257895,
1606,-161.265,,,-264.2914286,
1605,-147.635,,,-242.2115789,
1604,-149.845,,,-264.457619,
1603,-140.155,,,-278.3889474,
1602,-152.855,,,-284.9871429,
1601,-138.895,,,-259.0542105,
1600,-140.98,,,-270.2180952,
1599,-141.09,,,-273.0894737,
1598,-138.3375,,,-265.6419048,
1597,-148.48,,,-260.86,
1596,-152.5,,,-278.39,
1595,-152.1,,,-265.0589474,
1594,-138.8375,,,-263.7371429,
1593,-133.355,,,-266.0694737,
1592,-124.91,,,-260.4280952,
1591,-143.225,,,-259.6694737,
1590,-156.8875,,,-268.0328571,
1589,-160.91,,,-250.5536842,
1588,-147.505,,,-265.6828571,
1587,-147.32,,,-272.0068421,
1586,-159.71,,,-273.2761905,
1585,-170.075,,,-269.7178947,
1584,-156.495,,,-264.7785714,
1583,-144.925,,,-268.8042105,
1582,-162.905,,,-257.5133333,
1581,-174.69,,,-252.1115789,
1580,-148.955,,,-272.722381,
1579,-156.35,,,-266.6489474,
1578,-170.19,,,-269.4419048,
1577,-164.83,,,-268.3826316,
1576,-144.84,,,-262.8147619,
1575,-155.27,,,-265.5610526,
1574,-150.42,,,-272.2009524,
1573,-136.315,,,-275.2152632,
1572,-137.61,,,-264.0533333,
1571,-155.04,,,-279.6294737,
1570,-143.855,,,-274.0128571,
1569,-162.18,,,-263.1984211,
1568,-156.05,,,-271.3366667,
1567,-145.39,,,-264.8794737,
1566,-131.32,,,-256.137619,
1565,-137.34,,,-269.7773684,
1564,-139.05,,,-262.47,
1563,-152.735,,,-259.5889474,
1562,-140.645,,,-274.1019048,
1561,-148.94,,,-258.02,
1560,-157.995,,,-262.8157143,
1559,-167.85,,,-271.9326316,
1558,-173.005,,,-270.9695238,
1557,-156.51,,,-265.1847368,
1556,-156.35,,,-277.1457143,
1555,-147.605,,,-267.4178947,
1554,-146.12,,,-247.4995238,
1553,-168.335,,,-265.2557895,
1552,-174.905,,,-256.2033333,
1551,-158.75,,,-266.1894737,
1550,-147.58,,,-265.1980952,
1549,-144.065,,,-276.3105263,
1548,-148.575,,,-267.5485714,
1547,-153.43,,,-267.1794737,
1546,-154.085,,,-274.0514286,
1545,-148.3,,,-273.3778947,
1544,-165.815,,,-282.36,
1543,-154.31,,,-276.4389474,
1542,-150.225,,,-270.8757143,
1541,-159.76,,,-285.2636842,
1540,-153.765,,,-271.942381,
1539,-155.095,,,-259.2710526,
1538,-147.14,,,-266.1404762,
1537,-148.135,,,-255.3636842,
1536,-153.99,,,-255.4147619,
1535,-140.69,,,-261.6231579,
1534,-153.135,,,-268.9885714,
1533,-140.46,,,-279.5847368,
1532,-145.175,,,-284.8352381,
1531,-159.22,,,-273.6321053,
1530,-158.25,,,-277.2204762,
1529,-156.17,,,-280.0747368,
1528,-164.02,,,-265.2547619,
1527,-157.38,,,-256.7610526,
1526,-154.335,,,-266.1709524,
1525,-150.92,,,-269.8047368,
1524,-142.915,,,-274.334,
1523,-153.37,,,-259.5114286,
1522,-144.69,,,-267.472381,
1521,-147.585,,,-256.6831579,
1520,-152.37,,,-277.7661905,
1519,-155.085,,,-271.9531579,
1518,-163.1,,,-261.2066667,
1517,-178.15,,,-270.2705263,
1516,-149.55,,,-273.5338095,
1515,-142.99,,,-252.8315789,
1514,-152.56,,,-256.7809524,
1513,-155.03,,,-270.2378947,
1512,-158.1,,,-270.7595238,
1511,-163.535,,,-268.9778947,
1510,-144.75,,,-251.1114286,
1509,-147.97,,,-262.1494737,
1508,-149.175,,,-271.867619,
1507,-137.29,,,-269.3115789,
1506,-147.76,,,-270.2257143,
1505,-160.49,,,-274.6184211,
1504,-147.25,,,-275.3352381,
1503,-142.515,,,-264.5694737,
1502,-139.35,,,-278.4471429,
1501,-160.465,,,-287.8468421,
1500,-164.96,,,-272.6519048,
1499,-162.48,,,-268.6389474,
1498,-157.635,,,-271.8619048,
1497,-145.37,,,-259.2726316,
1496,-160.935,,,-265.1838095,
1495,-152.52,,,-261.7542105,
1494,-159.845,,,-259.727619,
1493,-142.4,,,-269.6936842,
1492,-154.365,,,-258.0938095,
1491,-150.13,,,-260.8852632,
1490,-153.29,,,-254.6190476,
1489,-155.87,,,-263.6736842,
1488,-145.15,,,-258.8780952,
1487,-139.28,,,-267.6284211,
1486,-140.8,,,-268.8285714,
1485,-150.48,,,-262.1605263,
1484,-149.25,,,-272.66,
1483,-155.575,,,-277.3168421,
1482,-167.88,,,-268.372381,
1481,-168.56,,,-277.5126316,
1480,-159.35,,,-256.6709524,
1479,-136.115,,,-265.8394737,
1478,-140.69,,,-259.3804762,
1477,-154.22,,,-263.2257895,
1476,-160.01,,,-274.7371429,
1475,-140.07,,,-275.6947368,
1474,-154.05,,,-262.0719048,
1473,-147.135,,,-279.0515789,
1472,-135.08,,,-274.8519048,
1471,-159.495,,,-270.7973684,
1470,-170.87,,,-267.7890476,
1469,-143.02,,,-273.3747368,
1468,-125.75,,,-269.2604762,
1467,-146.69,,,-257.5552632,
1466,-153.645,,,-266.8714286,
1465,-146.89,,,-267.1752632,
1464,-147.355,,,-266.5466667,
1463,-139.81,,,-257.7742105,
1462,-148.695,,,-263.632381,
1461,-150.78,,,-256.7526316,
1460,-147.685,,,-260.6814286,
1459,-146.74,,,-279.8468421,
1458,-160.47,,,-280.3709524,
1457,-162.6,,,-271.5073684,
1456,-154.865,,,-282.7638095,
1455,-152.52,,,-262.9221053,
1454,-157.19,,,-264.7804762,
1453,-158.425,,,-263.0136842,
1452,-174.05,,,-268.1842857,
1451,-151.92,,,-270.1989474,
1450,-156.15,,,-272.3157143,
1449,-157.74,,,-269.5805263,
1448,-152.2,,,-279.8095238,
1447,-155.945,,,-269.6768421,
1446,-159.44,,,-268.7657143,
1445,-151.17,,,-273.1015789,
1444,-150.105,,,-267.7147619,
1443,-141.44,,,-262.3226316,
1442,-146.775,,,-261.5104762,
1441,-142.42,,,-274.3284211,
1440,-137.86,,,-284.4090476,
1439,-151.86,,,-270.7473684,
1438,-138.06,,,-265.1757143,
1437,-157.73,,,-256.3115789,
1436,-164.95,,,-271.9185714,
1435,-158.45,,,-277.8789474,
1434,-154.99,,,-266.352381,
1433,-159.79,,,-255.7778947,
1432,-163.51,,,-261.16,
1431,-153.72,,,-266.8226316,
1430,-151.72,,,-270.2752381,
1429,-148.13,,,-264.2905263,
1428,-150.395,,,-268.5509524,
1427,-177.49,,,-260.0978947,
1426,-180.05,,,-270.2957143,
1425,-165.75,,,-263.3863158,
1424,-140.6,,,-267.5371429,
1423,-164.29,,,-268.4263158,
1422,-182.62,,,-272.3785714,
1421,-146.93,,,-266.4110526,
1420,-153.115,,,-260.4985714,
1419,-127.68,,,-284.6221053,
1418,-146.43,,,-272.2195238,
1417,-149.09,,,-273.9278947,
1416,-150.31,,,-275.0680952,
1415,-152.37,,,-283.6573684,
1414,-164.51,,,-273.2947619,
1413,-151.31,,,-265.1036842,
1412,-161.325,,,-257.507619,
1411,-166.3,,,-261.8021053,
1410,-170.655,,,-257.05,
1409,-165.24,,,-275.26,
1408,-139.27,,,-244.5952381,
1407,-151.08,,,-247.0194737,
1406,-140.83,,,-244.7271429,
1405,-137.21,,,-259.8736842,
1404,-146.69,,,-251.71,
1403,-149.59,,,-261.3063158,
1402,-147.95,,,-261.7028571,
1401,-155.11,,,-271.3826316,
1400,-145.47,,,-278.2338095,
1399,-149.315,,,-286.7989474,
1398,-140.91,,,-282.3142857,
1397,-151,,,-255.8552632,
1396,-162.905,,,-269.6733333,
1395,-150.6,,,-270.6115789,
1394,-150.625,,,-269.3933333,
1393,-153.4,,,-254.8873684,
1392,-165.13,,,-262.5133333,
1391,-146.08,,,-270.2068421,
1390,-148.21,,,-285.3419048,
1389,-148.13,,,-277.2568421,
1388,-164.02,,,-272.5642857,
1387,-160.93,,,-248.6363158,
1386,-146.57,,,-262.5238095,
1385,-150.2,,,-271.1868421,
1384,-164.99,,,-265.5666667,
1383,-149.55,,,-269.9673684,
1382,-165.805,,,-271.2009524,
1381,-171.96,,,-269.1157895,
1380,-155.09,,,-284.1633333,
1379,-157.375,,,-275.0452632,
1378,-148.07,,,-268.4304762,
1377,-157.13,,,-278.8410526,
1376,-154.04,,,-277.3452381,
1375,-152.19,,,-269.7484211,
1374,-158.34,,,-262.6557143,
1373,-151.33,,,-256.8447368,
1372,-167.39,,,-262.5771429,
1371,-153.705,,,-282.9736842,
1370,-165.94,,,-260.9714286,
1369,-161.36,,,-269.5363158,
1368,-158.48,,,-281.6871429,
1367,-156.38,,,-270.8857895,
1366,-138.45,,,-263.5704762,
1365,-140,,,-252.6915789,
1364,-145.08,,,-262.4938095,
1363,-171.63,,,-275.0521053,
1362,-156.585,,,-263.562381,
1361,-155.89,,,-263.2947368,
1360,-158.3,,,-287.4604762,
1359,-147.975,,,-261.0547368,
1358,-146.58,,,-262.1585714,
1357,-149.94,,,-275.1747368,
1356,-150.045,,,-272.6161905,
1355,-154.88,,,-275.4731579,
1354,-158.44,,,-271.2228571,
1353,-146.19,,,-262.0842105,
1352,-170.18,,,-262.7533333,
1351,-144.71,,,-267.0273684,
1350,-152.31,,,-269.8404762,
1349,-139.3,,,-264.4568421,
1348,-151.96,,,-280.8838095,
1347,-157.455,,,-277.4831579,
1346,-142.88,,,-280.49,
1345,-142.69,,,-278.7484211,
1344,-140.415,,,-267.5019048,
1343,-143.88,,,-269.9973684,
1342,-150.68,,,-268.9366667,
1341,-156.155,,,-265.2373684,
1340,-154.65,,,-261.8890476,
1339,-144.5,,,-264.0863158,
1338,-159.795,,,-273.7747619,
1337,-153.53,,,-266.1757895,
1336,-146.11,,,-266.3995238,
1335,-138.565,,,-274.2105263,
1334,-143.18,,,-258.4442857,
1333,-144.05,,,-264.7310526,
1332,-153.805,,,-267.2585714,
1331,-161.35,,,-258.1005263,
1330,-165.53,,,-264.0204762,
1329,-173.71,,,-277.2573684,
1328,-151.295,,,-281.0071429,
1327,-155.91,,,-260.5063158,
1326,-147.54,,,-256.54,
1325,-159.295,,,-267.2115789,
1324,-136.04,,,-265.627619,
1323,-149.87,,,-274.7326316,
1322,-153.19,,,-275.3833333,
1321,-125.12,,,-264.6942105,
1320,-146.16,,,-267.182381,
1319,-155.305,,,-260.7142105,
1318,-155.07,,,-269.1071429,
1317,-128.48,,,-271.1857895,
1316,-131.09,,,-266.3419048,
1315,-151.93,,,-263.3289474,
1314,-151.81,,,-261.367619,
1313,-146.44,,,-270.0126316,
1312,-157.87,,,-259.0319048,
1311,-141.04,,,-263.41,
1310,-171.56,,,-260.3038095,
1309,-160.645,,,-261.2568421,
1308,-156.35,,,-256.8366667,
1307,-142.425,,,-248.9263158,
1306,-150.96,,,-271.2952381,
1305,-149.49,,,-278.6336842,
1304,-165.24,,,-269.5714286,
1303,-151.56,,,-262.0105263,
1302,-155.81,,,-264.4909524,
1301,-148.75,,,-269.2626316,
1300,-162.675,,,-274.4947619,
1299,-159.52,,,-269.1568421,
1298,-144.17,,,-266.5180952,
1297,-147.985,,,-260.9878947,
1296,-166.92,,,-270.6590476,
1295,-132.45,,,-265.5321053,
1294,-138.92,,,-291.0633333,
1293,-138.835,,,-290.66,
1292,-139.24,,,-271.7171429,
1291,-159.75,,,-272.4126316,
1290,-156.78,,,-261.3957143,
1289,-147.46,,,-261.9384211,
1288,-155.69,,,-273.4290476,
1287,-158.92,,,-266.7257895,
1286,-156.07,,,-262.152381,
1285,-155.55,,,-265.67,
1284,-152.03,,,-272.08,
1283,-161.66,,,-257.5442105,
1282,-170.18,,,-266.382381,
1281,-153.16,,,-267.5894737,
1280,-154.29,,,-269.0828571,
1279,-142.37,,,-273.9710526,
1278,-130.31,,,-273.2690476,
1277,-155.46,,,-280.2263158,
1276,-147.42,,,-269.7004762,
1275,-138.64,,,-268.8126316,
1274,-137.23,,,-274.9490476,
1273,-147.74,,,-256.1521053,
1272,-158.68,,,-270.0371429,
1271,-155.64,,,-267.8715789,
1270,-153.48,,,-267.5961905,
1269,-153.03,,,-265.8710526,
1268,-145.91,,,-281.1642857,
1267,-150.7,,,-279.9063158,
1266,-151.82,,,-283.047619,
1265,-161.77,,,-284.5447368,
1264,-140.92,,,-259.6695238,
1263,-163.02,,,-258.0036842,
1262,-148.83,,,-261.1533333,
1261,-154.52,,,-266.7394737,
1260,-149.69,,,-278.3447619,
1259,-154.92,,,-266.5694737,
1258,-162.6,,,-270.492381,
1257,-150.2,,,-272.7094737,
1256,-147.4,,,-258.652381,
1255,-143.5,,,-272.22,
1254,-142.3,,,-269.8614286,
1253,-144.6,,,-275.3863158,
1252,-135.8,,,-250.297619,
1251,-137.1,,,-272.1215789,
1250,-152.9,,,-267.4942857,
1249,-147.2,,,-257.8036842,
1248,-160.6,,,-259.157619,
1247,-163.6,,,-268.7415789,
1246,-155.3,,,-259.8595238,
1245,-147.6,,,-270.1963158,
1244,-151.5,,,-262.6509524,
1243,-154,,,-265.3336842,
1242,-142.8,,,-262.2242857,
1241,-147.1,,,-269.2689474,
1240,-148.7,,,-260.0271429,
1239,-152.9,,,-271.1842105,
1238,-146.9,,,-269.7052381,
1237,-157.5,,,-260.3489474,
1236,-153,,,-264.6890476,
1235,-162.2,,,-261.1336842,
1234,-148.8,,,-265.5952381,
1233,-162.3,,,-264.5252632,
1232,-142.6,,,-269.422381,
1231,-156.8,,,-268.8752632,
1230,-153.2,,,-268.4614286,
1229,-147.5,,,-267.9063158,
1228,-155.8,,,-268.8471429,
1227,-167,,,-277.9447368,
1226,-153.3,,,-268.8228571,
1225,-155.1,,,-276.1231579,
1224,-147.8,,,-265.6157143,
1223,-141.9,,,-272.4821053,
1222,-153.5,,,-274.5366667,
1221,-147.5,,,-270.7110526,
1220,-153.3,,,-260.1,
1219,-164.9,,,-263.4226316,
1218,-163.6,,,-270.7352381,
1217,-151,,,-269.5331579,
1216,-152.9,,,-273.4652381,
1215,-144.9,,,-268.9794737,
1214,-149.1,,,-269.3452381,
1213,-154.9,,,-252.9278947,
1212,-147,,,-257.3271429,
1211,-144.5,,,-263.3642105,
1210,-156.9,,,-259.6066667,
1209,-155.2,,,-254.3663158,
1208,-147.3,,,-267.907619,
1207,-144.9,,,-269.7042105,
1206,-166.1,,,-267.4557143,
1205,-153.6,,,-256.2294737,
1204,-149,,,-263.2942857,
1203,-153.9,,,-275.8668421,
1202,-169.3,,,-253.2180952,
1201,-160.1,,,-264.3305263,
1200,-142.9,,,-272.1371429,
1199,-149.6,,,-266.2915789,
1198,-154.4,,,-260.3471429,
1197,-148.6,,,-248.81,
1196,-162.3,,,-251.8304762,
1195,-154.1,,,-262.9131579,
1194,-154.9,,,-255.8790476,
1193,-153.8,,,-268.9531579,
1192,-157.4,,,-272.6442857,
1191,-161.5,,,-270.0526316,
1190,-168.7,,,-253.4952381,
1189,-153.6,,,-267.5057895,
1188,-152.8,,,-262.2685714,
1187,-152.5,,,-254.5631579,
1186,-151.6,,,-257.8628571,
1185,-144,,,-268.2178947,
1184,-149.1,,,-262.8138095,
1183,-157.4,,,-287.5473684,
1182,-165.4,,,-262.737619,
1181,-157.1,,,-266.1736842,
1180,-153.5,,,-265.4414286,
1179,-156.6,,,-268.9131579,
1178,-149.1,,,-264.9609524,
1177,-149.3,,,-260.6284211,
1176,-156.1,,,-271.3733333,
1175,-157.9,,,-273.5126316,
1174,-145.5,,,-269.4452381,
1173,-151.4,,,-269.7594737,
1172,-151.3,,,-278.397619,
1171,-150.4,,,-266.0794737,
1170,-146.7,,,-265.8390476,
1169,-157.6,,,-269.7110526,
1168,-154,,,-268.1590476,
1167,-146.1,,,-284.7984211,
1166,-152.1,,,-281.0309524,
1165,-148.9,,,-271.5942105,
1164,-155.2,,,-273.4014286,
1163,-147.6,,,-266.7121053,
1162,-150.9,,,-266.152381,
1161,-156.8,,,-266.5805263,
1160,-153,,,-262.1628571,
1159,-160.8,,,-264.5473684,
1158,-162.2,,,-269.6009524,
1157,-147.1,,,-271.9321053,
1156,-163.3,,,-261.3295238,
1155,-154.4,,,-256.4173684,
1154,-159.9,,,-254.3747619,
1153,-153.6,,,-248.3957895,
1152,-147,,,-257.857619,
1151,-148.8,,,-284.7842105,
1150,-168.5,,,-292.7780952,
1149,-154.2,,,-285.8736842,
1148,-150.3,,,-279.7319048,
1147,-140.4,,,-271.6921053,
1146,-166.9,,,-263.32,
1145,-148.7,,,-264.0484211,
1144,-151.7,,,-270.3980952,
1143,-152.5,,,-272.5705263,
1142,-147.8,,,-272.4647619,
1141,-147.5,,,-260.9978947,
1140,-133.7,,,-278.7552381,
1139,-147.5,,,-264.5515789,
1138,-143.1,,,-265.672381,
1137,-151.9,,,-258.2894737,
1136,-148.8,,,-276.4257143,
1135,-160,,,-290.4363158,
1134,-155.3,,,-270.2685714,
1133,-159.2,,,-272.5063158,
1132,-161,,,-266.9342857,
1131,-153.1,,,-252.8178947,
1130,-135.2,,,-263.5461905,
1129,-154.4,,,-266.0815789,
1128,-142.6,,,-269.4833333,
1127,-144.9,,,-269.7157895,
1126,-151.2,,,-271.2652381,
1125,-156.8,,,-270.0031579,
1124,-155.3,,,-268.2852381,
1123,-145.8,,,-267.2673684,
1122,-148.7,,,-263.2671429,
1121,-145.1,,,-269.2431579,
1120,-143.7,,,-276.0880952,
1119,-149.9,,,-270.1178947,
1118,-145.5,,,-253.3238095,
1117,-151.6,,,-267.0110526,
1116,-155.1,,,-268.5252381,
1115,-128.6,,,-275.1884211,
1114,-151.4,,,-272.07,
1113,-164.1,,,-258.6389474,
1112,-170.1,,,-267.5085714,
1111,-146.3,,,-266.8605263,
1110,-156.6,,,-268.2133333,
1109,-166.9,,,-266.27,
1108,-146.8,,,-269.8042857,
1107,-155.7,,,-267.7468421,
1106,-161.7,,,-263.5561905,
1105,-165.7,,,-262.5221053,
1104,-138.9,,,-273.5361905,
1103,-159.4,,,-254.6963158,
1102,-136.5,,,-267.1352381,
1101,-132.9,,,-256.1021053,
1100,-147.4,,,-263.4142857,
1099,-145.5,,,-266.3421053,
1098,-157,,,-252.05,
1097,-150.6,,,-265.8557895,
1096,-151,,,-272.4842857,
1095,-158.05,,,-289.8963158,
1094,-165.1,,,-276.8119048,
1093,-154.2,,,-275.7121053,
1092,-147.2,,,-280.9242857,
1091,-139.9,,,-272.0721053,
1090,-145.8,,,-275.6357143,
1089,-146.8,,,-258.6678947,
1088,-150.4,,,-262.3395238,
1087,-154.9,,,-260.2921053,
1086,-160,,,-265.1314286,
1085,-165.1,,,-260.0863158,
1084,-147.3,,,-264.5190476,
1083,-152.7,,,-260.1557895,
1082,-140.7,,,-261.8628571,
1081,-143.1,,,-268.5468421,
1080,-142,,,-259.1361905,
1079,-138.6,,,-292.3363158,
1078,-135.2,,,-270.4228571,
1077,-138.3,,,-255.3447368,
1076,-144,,,-256.2585714,
1075,-157.6,,,-262.3273684,
1074,-158.1,,,-262.9261905,
1073,-158.6,,,-260.4063158,
1072,-162.9,,,-268.9138095,
1071,-157.7,,,-277.0768421,
1070,-164.8,,,-269.62,
1069,-159.25,,,-254.8368421,
1068,-153.7,,,-259.5833333,
1067,-163.5,,,-255.3989474,
1066,-142.5,,,-271.6704762,
1065,-146.3,,,-275.1494737,
1064,-150.1,,,-259.2652381,
1063,-158.6,,,-261.9310526,
1062,-165.5,,,-264.3614286,
1061,-163.9,,,-243.5231579,
1060,-162.3,,,-269.2238095,
1059,-157.9,,,-274.1142105,
1058,-152.7,,,-271.5942857,
1057,-147.8,,,-279.0157895,
1056,-142.9,,,-269.2238095,
1055,-146.5,,,-265.1294737,
1054,-153.1,,,-259.4857143,
1053,-155.45,,,-260.1836842,
1052,-157.8,,,-259.5257143,
1051,-163.4,,,-265.2473684,
1050,-156.95,,,-259.6861905,
1049,-150.5,,,-278.8805263,
1048,-142.5,,,-266.5304762,
1047,-144.2,,,-278.0073684,
1046,-147.7,,,-275.4304762,
1045,-151.2,,,-269.1405263,
1044,-155.9,,,-268.2285714,
1043,-148.8,,,-266.3352632,
1042,-153.4,,,-258.4666667,
1041,-158,,,-252.9942105,
1040,-153.6,,,-252.6557143,
1039,-148.1,,,-258.9773684,
1038,-142.6,,,-258.5095238,
1037,-166.8,,,-245.0621053,
1036,-159.1,,,-258.6257143,
1035,-151.4,,,-255.7536842,
1034,-157.7,,,-264.3485714,
1033,-163.7,,,-265.3052632,
1032,-159.15,,,-260.8019048,
1031,-154.6,,,-263.2131579,
1030,-142.6,,,-273.6961905,
1029,-149.45,,,-277.6594737,
1028,-156.3,,,-260.5052381,
1027,-147.7,,,-268.4421053,
1026,-151.5,,,-280.6395238,
1025,-155.3,,,-264.58,
1024,-157.1,,,-273.6971429,
1023,-159.25,,,-260.7947368,
1022,-161.4,,,-270.337619,
1021,-149.7,,,-278.2815789,
1020,-145.85,,,-272.0814286,
1019,-142,,,-259.4294737,
1018,-152.8,,,-264.0666667,
1017,-158,,,-267.3789474,
1016,-147.55,,,-262.3014286,
1015,-137.1,,,-257.3142105,
1014,-147.6,,,-242.5595238,
1013,-143.1,,,-274.9036842,
1012,-138.6,,,-270.4938095,
1011,-140.4,,,-273.1557895,
1010,-145.4,,,-270.877619,
1009,-150.4,,,-262.4515789,
1008,-150.3,,,-279.1933333,
1007,-150.2,,,-277.1642105,
1006,-150.4,,,-259.4938095,
1005,-151.75,,,-262.2563158,
1004,-153.1,,,-263.4380952,
1003,-148.6,,,-252.4457895,
1002,-143.6,,,-269.097619,
1001,-138.6,,,-274.0610526,
1000,-151.6,,,-263.4404762,
999,-150.4,,,-254.1026316,
998,-149.2,,,-263.3209524,
997,-140.6,,,-271.7689474,
996,-151.9,,,-260.3090476,
995,-163.2,,,-264.57,
994,-163.2,,,-272.3085714,
993,-159.1,,,-268.6710526,
992,-155,,,-269.167619,
991,-151.1,,,-271.7131579,
990,-147.2,,,-272.8442857,
989,-141.5,,,-269.8657895,
988,-144.05,,,-248.5166667,
987,-146.6,,,-264.5010526,
986,-138.9,,,-268.9419048,
985,-143,,,-270.0373684,
984,-147.1,,,-272.5852381,
983,-152.6,,,-272.6510526,
982,-158.1,,,-277.8157143,
981,-144.3,,,-263.0957895,
980,-144.85,,,-257.2795238,
979,-145.4,,,-255.6705263,
978,-144.8,,,-270.9352381,
977,-149.2,,,-255.8742105,
976,-153.6,,,-261.1138095,
975,-156.6,,,-249.5536842,
974,-159.6,,,-275.4747619,
973,-147.7,,,-261.6642105,
972,-149.15,,,-266.9152381,
971,-150.6,,,-270.4852632,
970,-161.1,,,-251.0047619,
969,-153.45,,,-257.6431579,
968,-145.8,,,-263.0219048,
967,-145.4,,,-258.5631579,
966,-145,,,-246.8314286,
965,-158.2,,,-255.4757895,
964,-157.75,,,-254.5961905,
963,-157.3,,,-257.5531579,
962,-159,,,-284.3514286,
961,-160.7,,,-280.3952632,
960,-158.2,,,-263.2109524,
959,-160.4,,,-270.4505263,
958,-162.6,,,-270.32,
957,-155.05,,,-286.4721053,
956,-147.5,,,-276.9880952,
955,-155.1,,,-255.7321053,
954,-156.05,,,-269.4080952,
953,-157,,,-254.4631579,
952,-154.6,,,-265.0895238,
951,-152.2,,,-270.3352632,
950,-155.8,,,-257.1314286,
949,-159.4,,,-248.1710526,
948,-153.5,,,-274.5285714,
947,-151.05,,,-267.2057895,
946,-148.6,,,-257.642381,
945,-155.75,,,-268.5473684,
944,-162.9,,,-252.7404762,
943,-162.6,,,-247.2489474,
942,-155.1,,,-271.3647619,
941,-147.6,,,-272.6963158,
940,-146.2,,,-267.6090476,
939,-144.8,,,-272.3963158,
938,-145.55,,,-263.0733333,
937,-146.3,,,-266.6452632,
936,-149.4,,,-262.9257143,
935,-146.7,,,-267.4942105,
934,-144,,,-270.96,
933,-147.15,,,-257.6778947,
932,-150.3,,,-283.26,
931,-142.95,,,-262.5936842,
930,-135.6,,,-254.0480952,
929,-159.7,,,-266.7531579,
928,-154.1,,,-260.5585714,
927,-148.5,,,-259.3252632,
926,-149.4,,,-264.4761905,
925,-150.3,,,-284.4194737,
924,-148.15,,,-255.6657143,
923,-146,,,-260.4063158,
922,-147.7,,,-262.2528571,
921,-150.55,,,-263.0747368,
920,-153.4,,,-269.2685714,
919,-159,,,-256.0515789,
918,-164.6,,,-254.5838095,
917,-153.65,,,-272.9847368,
916,-142.7,,,-275.1928571,
915,-143.4,,,-267.9384211,
914,-144.1,,,-250.5690476,
913,-155.8,,,-249.7410526,
912,-160.85,,,-257.7966667,
911,-165.9,,,-272.2315789,
910,-161.6,,,-262.5009524,
909,-157.3,,,-266.5952632,
908,-155.6,,,-260.1380952,
907,-153.9,,,-275.6342105,
906,-152,,,-270.3471429,
905,-150.1,,,-265.2494737,
904,-144.15,,,-266.1180952,
903,-138.2,,,-269.2231579,
902,-154.5,,,-276.7761905,
901,-153.35,,,-275.38,
900,-152.2,,,-274.707619,
899,-147.95,,,-275.9684211,
898,-143.7,,,-276.3614286,
897,-148.35,,,-265.2205263,
896,-153,,,-271.0047619,
895,-153.85,,,-277.1826316,
894,-154.7,,,-265.9695238,
893,-151.85,,,-261.1,
892,-149,,,-253.7571429,
891,-154.1,,,-247.6573684,
890,-159.2,,,-262.8128571,
889,-156.1,,,-264.2173684,
888,-153,,,-266.63,
887,-142.4,,,-259.88,
886,-148.75,,,-253.1519048,
885,-155.1,,,-268.6289474,
884,-156.8,,,-259.8547619,
883,-158.5,,,-250.51,
882,-152.5,,,-254.9947619,
881,-146.5,,,-260.2805263,
880,-153.45,,,-263.5509524,
879,-160.4,,,-264.8310526,
878,-155.3,,,-257.6628571,
877,-150.2,,,-258.1721053,
876,-153.6,,,-261.8795238,
875,-157,,,-263.8484211,
874,-155.45,,,-259.9952381,
873,-153.9,,,-266.9436842,
872,-149.55,,,-274.8590476,
871,-145.2,,,-253.9442105,
870,-143,,,-266.0747619,
869,-140.8,,,-247.1731579,
868,-147.4,,,-281.1614286,
867,-154,,,-276.7752632,
866,-149,,,-262.0014286,
865,-149.45,,,-268.7252632,
864,-149.9,,,-265.427619,
863,-148.65,,,-273.9121053,
862,-147.4,,,-260.4909524,
861,-152.45,,,-268.3557895,
860,-157.5,,,-252.2952381,
859,-156.55,,,-256.9973684,
858,-155.6,,,-265.1409524,
857,-148.75,,,-275.6284211,
856,-141.9,,,-260.8928571,
855,-144.75,,,-267.5168421,
854,-147.6,,,-267.9742857,
853,-152.85,,,-258.2852632,
852,-158.1,,,-269.3666667,
851,-154.45,,,-279.0721053,
850,-150.8,,,-272.1985714,
849,-158.7,,,-256.7715789,
848,-166.6,,,-263.6961905,
847,-155.3,,,-266.2778947,
846,-144,,,-266.0028571,
845,-143.8,,,-262.0536842,
844,-143.6,,,-253.1609524,
843,-147.25,,,-273.0521053,
842,-150.9,,,-284.0390476,
841,-151.3,,,-276.9868421,
840,-151.7,,,-259.6028571,
839,-148.85,,,-260.1647368,
838,-146,,,-258.5390476,
837,-150.65,,,-250.8473684,
836,-155.3,,,-259.4019048,
835,-152.65,,,-245.6389474,
834,-150,,,-256.0709524,
833,-145.55,,,-257.9836842,
832,-141.1,,,-250.7580952,
831,-144.45,,,-262.4384211,
830,-147.8,,,-251.3514286,
829,-148.55,,,-263.9094737,
828,-149.3,,,-267.6657143,
827,-145.1,,,-262.2715789,
826,-140.9,,,-277.4104762,
825,-143.2667,,,-279.4289474,
824,-145.6333,,,-268.0928571,
823,-148,,,-259.5773684,
822,-145.85,,,-261.8714286,
821,-143.7,,,-262.5347368,
820,-146.1,,,-245.3195238,
819,-148.5,,,-245.3178947,
818,-148.1,,,-263.6285714,
817,-147.7,,,-276.6631579,
816,-147.25,,,-269.2695238,
815,-146.8,,,-268.2073684,
814,-149.7,,,-273.497619,
813,-152.6,,,-258.8247368,
812,-149.45,,,-257.837619,
811,-146.3,,,-258.6836842,
810,-147.65,,,-258.6147619,
809,-149,,,-249.8689474,
808,-147.25,,,-258.1557143,
807,-145.5,,,-271.6684211,
806,-148.75,,,-249.4990476,
805,-152,,,-255.4115789,
804,-152.15,,,-268.1542857,
803,-152.3,,,-264.5094737,
802,-153.8667,,,-271.472381,
801,-155.4333,,,-271.0352632,
800,-157,,,-258.3880952,
799,-160.5,,,-248.7363158,
798,-164,,,-269.9338095,
797,-155.7,,,-259.4521053,
796,-147.4,,,-263.4414286,
795,-146.35,,,-248.3205263,
794,-145.3,,,-253.9180952,
793,-145.6,,,-268.2573684,
792,-145.9,,,-255.1333333,
791,-150.1,,,-265.9847368,
790,-154.3,,,-280.4909524,
789,-158.1,,,-266.3278947,
788,-161.9,,,-266.2961905,
787,-158.8667,,,-267.7247368,
786,-155.8333,,,-269.56,
785,-152.8,,,-263.8389474,
784,-148.75,,,-253.212381,
783,-144.7,,,-272.7663158,
782,-149.1,,,-257.2171429,
781,-153.5,,,-263.4268421,
780,-154.65,,,-262.0261905,
779,-155.8,,,-259.6905263,
778,-146.65,,,-262.2990476,
777,-137.5,,,-275.6805263,
776,-145.1,,,-269.09,
775,-152.7,,,-249.78,
774,-150.6333,,,-257.7742857,
773,-148.5667,,,-266.9089474,
772,-146.5,,,-263.2819048,
771,-150.05,,,-249.5821053,
770,-153.6,,,-269.7314286,
769,-153.15,,,-249.7336842,
768,-152.7,,,-264.2961905,
767,-159.3,,,-273.5410526,
766,-165.9,,,-263.9685714,
765,-160.25,,,-245.0821053,
764,-154.6,,,-259.3185714,
763,-152.2333,,,-268.2831579,
762,-149.8667,,,-273.5590476,
761,-147.5,,,-279.2021053,
760,-155.35,,,-283.2766667,
759,-163.2,,,-259.9689474,
758,-155.8,,,-253.8585714,
757,-148.4,,,-261.1305263,
756,-147.65,,,-249.1357143,
755,-146.9,,,-263.2421053,
754,-149.6,,,-281.8404762,
753,-152.3,,,-269.3042105,
752,-155,,,-261.5347619,
751,-154.7,,,-239.0826316,
750,-154.4,,,-257.127619,
749,-151.75,,,-250.3468421,
748,-149.1,,,-254.1347619,
747,-149.7,,,-259.4815789,
746,-150.3,,,-254.66,
745,-154,,,-261.0426316,
744,-157.7,,,-258.9028571,
743,-161.4,,,-266.0868421,
742,-159.2,,,-258.6409524,
741,-157,,,-269.3610526,
740,-154.15,,,-263.9519048,
739,-151.3,,,-266.2289474,
738,-148.1667,,,-263.7280952,
737,-145.0333,,,-275.9447368,
736,-141.9,,,-284.8061905,
735,-144.5,,,-270.7589474,
734,-147.1,,,-253.24,
733,-150.5,,,-260.8321053,
732,-153.9,,,-257.9038095,
731,-152.9333,,,-249.7731579,
730,-151.9667,,,-249.552381,
729,-151,,,-258.3573684,
728,-148.5,,,-259.082381,
727,-146,,,-256.5226316,
726,-147.15,,,-259.0652381,
725,-148.3,,,-258.2152632,
724,-148.9,,,-271.9585714,
723,-149.5,,,-259.2305263,
722,-150.1,,,-257.9319048,
721,-146.75,,,-247.4231579,
720,-143.4,,,-259.102381,
719,-152.25,,,-263.0631579,
718,-161.1,,,-264.2504762,
717,-155.5667,,,-251.7794737,
716,-150.0333,,,-260.4428571,
715,-144.5,,,-266.2184211,
714,-148.5,,,-278.8961905,
713,-152.5,,,-256.3136842,
712,-152.8,,,-273.1128571,
711,-153.1,,,-259.1094737,
710,-153.7333,,,-265.3904762,
709,-154.3667,,,-259.6578947,
708,-155,,,-256.2785714,
707,-156.25,,,-270.0552632,
706,-157.5,,,-273.4980952,
705,-146.6,,,-262.6821053,
704,-146.1,,,-245.9561905,
703,-143.6,,,-260.8142105,
702,-149.3,,,-250.7790476,
701,-152.05,,,-265.6526316,
700,-154.8,,,-276.7990476,
699,-169.2,,,-263.6289474,
698,-161.3,,,-265.6952381,
697,-150.5,,,-266.5978947,
696,-146.3,,,-273.5904762,
695,-134.4,,,-274.4205263,
694,-157.2,,,-276.5238095,
693,-150.6,,,-269.4889474,
692,-146.7,,,-263.372381,
691,-148.5,,,-260.0552632,
690,-153.35,,,-264.4142857,
689,-158.2,,,-263.0752632,
688,-157.9,,,-260.6190476,
687,-150.6,,,-259.7421053,
686,-148.3,,,-265.802381,
685,-146.6,,,-266.1515789,
684,-143.7,,,-251.0509524,
683,-153,,,-260.2663158,
682,-160,,,-259.3033333,
681,-156.4,,,-261.9073684,
680,-152.8,,,-270.2514286,
679,-143.9,,,-263.0373684,
678,-148.5,,,-254.3085714,
677,-165.3,,,-246.4105263,
676,-159.3,,,-243.1738095,
675,-151.3,,,-253.0921053,
674,-144,,,-254.4928571,
673,-137.8,,,-262.49,
672,-141.75,,,-246.0409524,
671,-145.7,,,-270.3863158,
670,-160.6,,,-258.7666667,
669,-149.9,,,-267.9736842,
668,-142.9,,,-272.0495238,
667,-146.1,,,-260.8478947,
666,-157.8,,,-254.8380952,
665,-162.6,,,-256.6626316,
664,-160.25,,,-258.8890476,
663,-157.9,,,-268.7915789,
662,-140,,,-254.3328571,
661,-137.8,,,-263.4273684,
660,-162.4,,,-269.3280952,
659,-154.5,,,-265.9715789,
658,-158.7,,,-265.842381,
657,-155,,,-259.2405263,
656,-151.3,,,-260.8047619,
655,-141.7,,,-262.8689474,
654,-165.8,,,-264.657619,
653,-162.2,,,-265.2852632,
652,-142.2,,,-266.5142857,
651,-148,,,-260.5031579,
650,-154.25,,,-261.54,
649,-160.5,,,-270.0389474,
648,-158,,,-267.0685714,
647,-139,,,-253.5684211,
646,-153.3,,,-271.4752381,
645,-131.4,,,-260.0594737,
644,-157.8,,,-259.0238095,
643,-155.95,,,-273.3773684,
642,-154.1,,,-271.6338095,
641,-149.8,,,-260.43,
640,-160.3,,,-261.9342857,
639,-148.4,,,-270.8857895,
638,-148.2,,,-268.0895238,
637,-146.4,,,-269.2426316,
636,-144.6,,,-261.1133333,
635,-146.5,,,-271.02,
634,-154.7,,,-267.8757143,
633,-150.5,,,-257.3468421,
632,-144.5,,,-261.847619,
631,-158.45,,,-266.2636842,
630,-172.4,,,-248.1957143,
629,-167.5,,,-254.1747368,
628,-157.5,,,-248.9371429,
627,-162.8,,,-252.8521053,
626,-160.1,,,-257.3290476,
625,-153.25,,,-262.8321053,
624,-146.4,,,-276.2047619,
623,-145.5,,,-266.11,
622,-160.3,,,-260.3385714,
621,-146.4,,,-251.2621053,
620,-151.45,,,-255.8319048,
619,-156.5,,,-240.9731579,
618,-146.5,,,-271.462381,
617,-153,,,-258.7115789,
616,-162.2,,,-243.79,
615,-140.8,,,-262.4252632,
614,-144.8,,,-252.19,
613,-148.8,,,-267.6873684,
612,-148.5,,,-256.5814286,
611,-144.9,,,-263.4631579,
610,-151.7,,,-244.38,
609,-156.4,,,-251.3589474,
608,-161.1,,,-250.1066667,
607,-155.1,,,-266.1547368,
606,-143.9,,,-240.2514286,
605,-147.4,,,-252.3573684,
604,-157.1,,,-250.5190476,
603,-148.9,,,-254.9268421,
602,-146.4,,,-251.7409524,
601,-143.9,,,-260.64,
600,-141,,,-263.142381,
599,-151.9,,,-259.2042105,
598,-147.7,,,-259.8157143,
597,-145.75,,,-265.8652632,
596,-143.8,,,-282.2104762,
595,-158.9,,,-259.0652632,
594,-144.7,,,-259.4528571,
593,-152.6,,,-258.6757895,
592,-151.35,,,-266.3285714,
591,-150.1,,,-264.7615789,
590,-148.85,,,-256.7904762,
589,-147.6,,,-266.7531579,
588,-145.7,,,-275.7580952,
587,-138.7,,,-270.5784211,
586,-155.8,,,-263.7866667,
585,-150.35,,,-265.4736842,
584,-144.9,,,-261.9052381,
583,-152.8,,,-265.6236842,
582,-145.5,,,-266.7780952,
581,-154.9,,,-282.3547368,
580,-150.85,,,-278.2461905,
579,-146.8,,,-267.7005263,
578,-150.7,,,-261.4947619,
577,-151.8,,,-261.4047368,
576,-148.9,,,-267.9380952,
575,-146,,,-250.6315789,
574,-149.9,,,-257.9061905,
573,-171.8,,,-260.7642105,
572,-163.1,,,-262.5242857,
571,-154.4,,,-264.5552632,
570,-152,,,-276.43,
569,-155.8,,,-257.3894737,
568,-150,,,-253.3133333,
567,-153.7,,,-255.0389474,
566,-157.4,,,-255.6190476,
565,-157.9,,,-278.4957895,
564,-148.6,,,-266.8138095,
563,-149.3,,,-264.2926316,
562,-150,,,-265.2038095,
561,-153.6,,,-265.24,
560,-152.5,,,-268.6,
559,-149.4,,,-263.8026316,
558,-146.3,,,-261.0847619,
557,-155.4,,,-262.4615789,
556,-150.5,,,-259.6804762,
555,-151.75,,,-249.3505263,
554,-153,,,-259.0742857,
553,-146.4,,,-261.4963158,
552,-147.1,,,-262.6942857,
551,-147.8,,,-266.9463158,
550,-148.5,,,-257.9085714,
549,-137.9,,,-265.1842105,
548,-162.1,,,-254.2333333,
547,-157.4,,,-260.75,
546,-152.7,,,-257.5852381,
545,-152.1,,,-269.4957895,
544,-145.8,,,-251.8190476,
543,-148.35,,,-260.5857895,
542,-150.9,,,-267.4619048,
541,-149.9,,,-249.7515789,
540,-149.85,,,-252.4547619,
539,-149.8,,,-266.9221053,
538,-142.5,,,-266.5047619,
537,-150,,,-265.0547368,
536,-152.25,,,-264.5271429,
535,-154.5,,,-254.9689474,
534,-153.2,,,-237.3552381,
533,-131.8,,,-268.9373684,
532,-140.1,,,-269.3509524,
531,-148.4,,,-263.2489474,
530,-155,,,-271.2442857,
529,-150.4,,,-256.4357895,
528,-152.25,,,-261.322381,
527,-154.1,,,-275.2731579,
526,-141.5,,,-270.1590476,
525,-149.55,,,-263.1136842,
524,-157.6,,,-240.86,
523,-149.8,,,-262.9963158,
522,-146.2,,,-258.482381,
521,-141.6,,,-258.6805263,
520,-137,,,-255.0433333,
519,-143.1,,,-255.6131579,
518,-147,,,-256.187619,
517,-150.9,,,-249.4342105,
516,-148.4,,,-255.7966667,
515,-139.7,,,-259.8973684,
514,-144.1,,,-265.7957143,
513,-148.5,,,-261.1057895,
512,-146.2,,,-264.0590476,
511,-146.9,,,-266.2273684,
510,-147.6,,,-267.247619,
509,-141.9,,,-265.4494737,
508,-152.6,,,-266.0457143,
507,-154.05,,,-271.2263158,
506,-155.5,,,-262.6861905,
505,-157.9,,,-251.4215789,
504,-159.2,,,-258.7180952,
503,-160.5,,,-263.8826316,
502,-137.9,,,-255.3780952,
501,-136.85,,,-260.8126316,
500,-135.8,,,-266.6880952,
499,-142.1,,,-254.2073684,
498,-137.9,,,-264.742381,
497,-140.7,,,-261.0947368,
496,-143.5,,,-255.1561905,
495,-150.3,,,-257.4452632,
494,-151.6,,,-265.4990476,
493,-152.9,,,-267.1084211,
492,-155.9,,,-259.712381,
491,-148.7,,,-260.0478947,
490,-141.5,,,-253.7138095,
489,-151.4,,,-258.0963158,
488,-140.9,,,-255.2419048,
487,-142.25,,,-268.8205263,
486,-143.6,,,-263.3409524,
485,-154.1,,,-254.3468421,
484,-155.85,,,-261.2742857,
483,-157.6,,,-261.8726316,
482,-141.4,,,-268.9147619,
481,-139,,,-261.9031579,
480,-136.6,,,-252.8366667,
479,-141.7,,,-251.0878947,
478,-144.2,,,-270.3309524,
477,-146.7,,,-269.9684211,
476,-145,,,-255.3933333,
475,-141.15,,,-269.5473684,
474,-137.3,,,-267.5890476,
473,-155.5,,,-270.0105263,
472,-148.35,,,-266.0047619,
471,-141.2,,,-271.54,
470,-135.7,,,-275.65,
469,-140.75,,,-256.0636842,
468,-145.8,,,-245.8228571,
467,-152.9,,,-248.9105263,
466,-151.4,,,-251.3138095,
465,-149.9,,,-260.9215789,
464,-144.6,,,-269.3833333,
463,-141.05,,,-263.5721053,
462,-137.5,,,-252.8161905,
461,-137.3,,,-247.5426316,
460,-146.65,,,-247.2728571,
459,-156,,,-254.0031579,
458,-149.5,,,-247.2533333,
457,-148.35,,,-264.82,
456,-147.2,,,-255.4971429,
455,-128.6,,,-254.0368421,
454,-142.1,,,-266.5490476,
453,-155.6,,,-277.2389474,
452,-150.7,,,-254.2361905,
451,-155,,,-254.5831579,
450,-159.3,,,-270.0395238,
449,-161,,,-276.3652632,
448,-160.75,,,-257.4842857,
447,-160.5,,,-247.0047368,
446,-153,,,-256.6095238,
445,-148.6,,,-263.5789474,
444,-144.2,,,-249.2885714,
443,-144.6,,,-257.2784211,
442,-145.45,,,-268.5547619,
441,-146.3,,,-274.9373684,
440,-144.5,,,-270.0242857,
439,-150.4,,,-266.1468421,
438,-156.3,,,-260.6071429,
437,-140.3,,,-264.8563158,
436,-142.75,,,-264.2695238,
435,-145.2,,,-261.3194737,
434,-144.9,,,-266.5842857,
433,-144.6,,,-267.9589474,
432,-147.9,,,-254.7609524,
431,-151.1,,,-257.2215789,
430,-154.3,,,-241.1652381,
429,-156.1,,,-269.6384211,
428,-156,,,-268.71,
427,-155.9,,,-257.5505263,
426,-150.3,,,-261.2542857,
425,-159.4,,,-258.3663158,
424,-168.5,,,-257.0966667,
423,-154.1,,,-256.3821053,
422,-150.05,,,-264.9214286,
421,-146,,,-267.0736842,
420,-149.4,,,-265.9690476,
419,-152.8,,,-268.8668421,
418,-155.2,,,-267.3357143,
417,-150.15,,,-260.5942105,
416,-145.1,,,-269.8538095,
415,-150.3,,,-256.7110526,
414,-149.8,,,-259.1547619,
413,-149.3,,,-263.0463158,
412,-146.35,,,-260.0019048,
411,-143.4,,,-277.1336842,
410,-149,,,-275.1119048,
409,-146.85,,,-253.4252632,
408,-144.7,,,-258.9714286,
407,-150.7,,,-249.8594737,
406,-153.8,,,-258.2338095,
405,-156.9,,,-256.0405263,
404,-154.15,,,-247.9719048,
403,-151.4,,,-271.1126316,
402,-139.3,,,-257.9847619,
401,-147.95,,,-256.8584211,
400,-156.6,,,-275.5309524,
399,-145.9,,,-265.9547368,
398,-144.6,,,-257.29,
397,-143.3,,,-263.5663158,
396,-141.5,,,-254.1561905,
395,-139.7,,,-267.9826316,
394,-143.5,,,-266.5771429,
393,-146.2,,,-272.2505263,
392,-148.9,,,-265.3971429,
391,-144.3,,,-281.4252632,
390,-139.7,,,-278.0895238,
389,-136.7,,,-268.7626316,
388,-140.5,,,-273.3985714,
387,-144.3,,,-262.7994737,
386,-138.6,,,-253.357619,
385,-143.85,,,-255.8073684,
384,-149.1,,,-256.7266667,
383,-149.2,,,-251.4694737,
382,-149.3,,,-265.3685714,
381,-155.2,,,-267.1526316,
380,-152.45,,,-257.7238095,
379,-149.7,,,-268.8168421,
378,-151.35,,,-259.5485714,
377,-153,,,-257.8505263,
376,-140,,,-262.7914286,
375,-141.75,,,-272.96,
374,-143.5,,,-260.3919048,
373,-147.6,,,-272.7068421,
372,-151.7,,,-262.2195238,
371,-159.1,,,-245.8863158,
370,-151.35,,,-251.0895238,
369,-143.6,,,-254.04,
368,-145.3,,,-261.5157143,
367,-147,,,-268.0089474,
366,-146.6,,,-271.5004762,
365,-152,,,-265.2994737,
364,-157.4,,,-280.1866667,
363,-152.9,,,-279.8194737,
362,-148.4,,,-273.1061905,
361,-140.4,,,-262.7494737,
360,-141.15,,,-285.8261905,
359,-141.9,,,-259.7252632,
358,-144.85,,,-255.7380952,
357,-147.8,,,-263.3068421,
356,-147.4,,,-268.6319048,
355,-147,,,-261.2173684,
354,-146.1,,,-273.782381,
353,-144.6,,,-268.9510526,
352,-143.1,,,-260.532381,
351,-147,,,-252.99,
350,-150.9,,,-247.7233333,
349,-148.6,,,-264.5984211,
348,-150,,,-255.1938095,
347,-151.4,,,-252.0026316,
346,-154.9,,,-257.1809524,
345,-158.4,,,-252.9910526,
344,-162.6,,,-250.7652381,
343,-166.8,,,-244.3452632,
342,-153.3,,,-251.017619,
341,-152.45,,,-263.5763158,
340,-151.6,,,-258.94,
339,-150.55,,,-265.1778947,
338,-149.5,,,-255.2585714,
337,-148.5,,,-262.3605263,
336,-147.5,,,-283.6495238,
335,-158.9,,,-277.2536842,
334,-158.2,,,-251.912381,
333,-157.5,,,-268.3921053,
332,-151.15,,,-272.3638095,
331,-144.8,,,-271.8184211,
330,-148.35,,,-256.0095238,
329,-151.9,,,-255.7657895,
328,-151.7,,,-270.3747619,
327,-151.5,,,-269.4205263,
326,-155.1,,,-264.2619048,
325,-155.4,,,-257.1436842,
324,-155.7,,,-252.3709524,
323,-156.75,,,-253.8310526,
322,-157.8,,,-262.3247619,
321,-157.05,,,-274.5636842,
320,-156.3,,,-268.9809524,
319,-152.35,,,-265.1615789,
318,-148.4,,,-253.0938095,
317,-148.9,,,-256.3973684,
316,-149.4,,,-278.9995238,
315,-152.65,,,-257.8042105,
314,-155.9,,,-262.7319048,
313,-161.8,,,-261.4584211,
312,-154.2,,,-265.0066667,
311,-146.6,,,-256.2505263,
310,-149.55,,,-265.3038095,
309,-152.5,,,-252.8010526,
308,-150.25,,,-259.0642857,
307,-148,,,-264.8063158,
306,-149.9,,,-264.4728571,
305,-151.8,,,-261.5810526,
304,-148.3,,,-254.9495238,
303,-144.8,,,-243.0363158,
302,-149.3,,,-267.3614286,
301,-153.8,,,-265.2031579,
300,-152.5,,,-255.4919048,
299,-151.2,,,-252.7073684,
298,-152.55,,,-260.3166667,
297,-153.9,,,-280.1263158,
296,-150.35,,,-290.5580952,
295,-146.8,,,-279.1763158,
294,-148.7,,,-266.2433333,
293,-150.6,,,-249.5163158,
292,-152.35,,,-261.5185714,
291,-154.1,,,-271.1231579,
290,-153.2,,,-260.5447619,
289,-152.3,,,-266.7563158,
288,-144.45,,,-270.1738095,
287,-136.6,,,-272.4494737,
286,-146.4,,,-266.8019048,
285,-156.2,,,-248.8115789,
284,-156.6667,,,-261.8742857,
283,-157.1333,,,-261.9847368,
282,-157.6,,,-276.7604762,
281,-151.55,,,-279.18,
280,-145.5,,,-260.9628571,
279,-141.95,,,-262.9273684,
278,-138.4,,,-267.7666667,
277,-140.8,,,-260.9705263,
276,-143.2,,,-269.9919048,
275,-144.65,,,-265.2684211,
274,-146.1,,,-256.4780952,
273,-150.5,,,-265.4547368,
272,-154.9,,,-263.1733333,
271,-156.75,,,-261.6973684,
270,-158.6,,,-241.7780952,
269,-156.15,,,-253.0405263,
268,-153.7,,,-260.7614286,
267,-151.25,,,-270.0268421,
266,-148.8,,,-266.5619048,
265,-152.5,,,-264.3768421,
264,-156.2,,,-263.7185714,
263,-153.8,,,-263.4178947,
262,-151.4,,,-277.3914286,
261,-159.5,,,-272.3863158,
260,-154.5667,,,-273.1033333,
259,-149.6333,,,-263.4531579,
258,-144.7,,,-265.51,
257,-154.65,,,-266.3721053,
256,-164.6,,,-258.9619048,
255,-161,,,-248.7373684,
254,-157.4,,,-261.7671429,
253,-152.55,,,-263.2431579,
252,-147.7,,,-271.5033333,
251,-147.5,,,-253.9989474,
250,-147.3,,,-258.8195238,
249,-150.7,,,-259.6384211,
248,-154.1,,,-265.0014286,
247,-145.85,,,-250.3921053,
246,-137.6,,,-267.1604762,
245,-142.1,,,-259.1010526,
244,-146.6,,,-262.1842857,
243,-150.5333,,,-257.7773684,
242,-154.4667,,,-261.5195238,
241,-158.4,,,-277.9694737,
240,-153.2,,,-268.7090476,
239,-148,,,-267.0794737,
238,-145.25,,,-265.0071429,
237,-142.5,,,-259.4457895,
236,-149.15,,,-253.4009524,
235,-155.8,,,-262.7110526,
234,-152.05,,,-263.2247619,
233,-148.3,,,-247.7805263,
232,-152.4,,,-256.6738095,
231,-156.5,,,-259.5042105,
230,-156.7,,,-261.92,
229,-156.9,,,-266.5926316,
228,-154.3333,,,-253.757619,
227,-151.7667,,,-253.9794737,
226,-149.2,,,-251.8266667,
225,-150,,,-250.0457895,
224,-150.8,,,-253.7719048,
223,-151.15,,,-262.2589474,
222,-151.5,,,-262.05,
221,-154.7,,,-251.9026316,
220,-157.9,,,-250.4609524,
219,-157.05,,,-262.7473684,
218,-156.2,,,-254.5438095,
217,-154.2333,,,-255.3815789,
216,-152.2667,,,-270.2961905,
215,-150.3,,,-264.5989474,
214,-144.6,,,-270.5228571,
213,-138.9,,,-245.6905263,
212,-142.05,,,-246.7933333,
211,-145.2,,,-261.1557895,
210,-153.15,,,-251.7519048,
209,-161.1,,,-257.8463158,
208,-156.7,,,-265.97,
207,-152.3,,,-261.5510526,
206,-155.0333,,,-250.742381,
205,-157.7667,,,-252.9242105,
204,-160.5,,,-258.7185714,
203,-152.95,,,-264.5368421,
202,-145.4,,,-268.587619,
201,-144.5,,,-261.07,
200,-143.6,,,-266.0814286,
199,-145.75,,,-264.7405263,
198,-147.9,,,-262.56,
197,-145.1,,,-267.2142105,
196,-142.3,,,-266.5314286,
195,-143.8,,,-259.4384211,
194,-145.3,,,-259.2485714,
193,-146.8,,,-274.3194737,
192,-151.45,,,-261.3604762,
191,-156.1,,,-268.5252632,
190,-151.85,,,-274.6747619,
189,-147.6,,,-269.9063158,
188,-145.2,,,-260.8371429,
187,-142.8,,,-262.9310526,
186,-145,,,-261.1690476,
185,-147.2,,,-260.1326316,
184,-149.4,,,-266.3747619,
183,-148.75,,,-269.1831579,
182,-148.1,,,-266.7080952,
181,-153.45,,,-274.5378947,
180,-158.8,,,-274.36,
179,-156.25,,,-272.0936842,
178,-153.7,,,-269.0485714,
177,-150.7333,,,-271.3742105,
176,-147.7667,,,-264.2004762,
175,-144.8,,,-267.8,
174,-147.9,,,-257.0309524,
173,-151,,,-262.9215789,
172,-149.95,,,-260.45,
171,-148.9,,,-259.7494737,
170,-150.05,,,-262.5595238,
169,-151.2,,,-262.96,
168,-143.15,,,-270.6666667,
167,-135.1,,,-276.8378947,
166,-140.1,,,-269.0085714,
165,-145.1,,,-252.6521053,
164,-150.1,,,-270.2661905,
163,-148.75,,,-261.6442105,
162,-147.4,,,-255.422381,
161,-152.05,,,-245.5984211,
160,-156.7,,,-262.212381,
159,-151.6,,,-251.6594737,
158,-146.5,,,-245.6328571,
157,-144.7,,,-256.0978947,
156,-142.9,,,-255.7066667,
155,-141.1,,,-258.7715789,
154,-143.6,,,-254.8652381,
153,-146.1,,,-264.4326316,
152,-151.8,,,-258.3566667,
151,-157.5,,,-270.6978947,
150,-153.9667,,,-274.8842857,
149,-150.4333,,,-262.8578947,
148,-146.9,,,-255.2042857,
147,-142.25,,,-258.3689474,
146,-137.6,,,-265.6533333,
145,-139.3,,,-270.4273684,
144,-141,,,-256.8161905,
143,-148.2,,,-256.9921053,
142,-155.4,,,-260.7685714,
141,-148.5333,,,-254.3168421,
140,-141.6667,,,-259.2861905,
139,-134.8,,,-266.3042105,
138,-137.6,,,-258.0880952,
137,-140.4,,,-257.7068421,
136,-144.75,,,-273.0004762,
135,-149.1,,,-255.8305263,
134,-152.65,,,-268.3609524,
133,-156.2,,,-265.2515789,
132,-154.1667,,,-259.3085714,
131,-152.1333,,,-261.5531579,
130,-150.1,,,-257.5352381,
129,-144.95,,,-258.7947368,
128,-139.8,,,-266.6785714,
127,-144.9,,,-274.1589474,
126,-150,,,-251.797619,
125,-147.9,,,-261.0421053,
124,-145.8,,,-269.0914286,
123,-146.6667,,,-274.0731579,
122,-147.5333,,,-271.1047619,
121,-148.4,,,-269.4142105,
120,-149.25,,,-260.9495238,
119,-150.1,,,-262.9457895,
118,-147.35,,,-252.942381,
117,-144.6,,,-270.3621053,
116,-147,,,-269.4366667,
115,-149.4,,,-271.9052632,
114,-149.2667,,,-261.14,
113,-149.1333,,,-260.1073684,
112,-149,,,-258.9561905,
111,-148.55,,,-245.5710526,
110,-148.1,,,-270.2047619,
109,-148.35,,,-274.3131579,
108,-148.6,,,-269.2371429,
107,-149.05,,,-255.8531579,
106,-149.5,,,-269.3790476,
105,-147.6667,,,-251.3394737,
104,-145.8333,,,-257.2928571,
103,-144,,,-261.2331579,
102,-147.2,,,-251.0142857,
101,-150.4,,,-261.5015789,
100,-151.55,,,-250.5880952,
99,-152.7,,,-266.6310526,
98,-152.6,,,-271.9133333,
97,-152.5,,,-265.2215789,
96,-153.8,,,-255.2990476,
95,-155.1,,,-248.3231579,
94,-153.4333,,,-249.3666667,
93,-151.7667,,,-258.9594737,
92,-150.1,,,-259.85,
91,-151.1,,,-269.6221053,
90,-152.1,,,-255.0480952,
89,-150.1,,,-258.2415789,
88,-148.1,,,-258.0690476,
87,-144.45,,,-244.5752632,
86,-140.8,,,-263.1671429,
85,-143.8,,,-266.4747368,
84,-146.8,,,-280.622381,
83,-149.8,,,-258.9489474,
82,-150.05,,,-250.6542857,
81,-150.3,,,-261.2594737,
80,-151.3,,,-242.1733333,
79,-152.3,,,-269.7636842,
78,-150.05,,,-263.7028571,
77,-147.8,,,-266.3089474,
76,-146.3667,,,-252.9866667,
75,-144.9333,,,-253.0810526,
74,-143.5,,,-253.3319048,
73,-147.8,,,-253.5836842,
72,-152.1,,,-253.832381,
71,-152.75,,,-254.0721053,
70,-153.4,,,-250.1309524,
69,-153.5,,,-248.2889474,
68,-153.6,,,-267.3538095,
67,-148.65,,,-256.4478947,
66,-143.7,,,-257.07,
65,-142.4333,,,-267.9405263,
64,-141.1667,,,-261.3809524,
63,-139.9,,,-266.6926316,
62,-141.75,,,-252.9757143,
61,-143.6,,,-252.1978947,
60,-144.65,,,-248.352381,
59,-145.7,,,-242.0921053,
58,-147.2,,,-253.7447619,
57,-148.7,,,-264.3831579,
56,-151.25,,,-251.0204762,
55,-153.8,,,-247.5273684,
54,-154.45,,,-255.1466667,
53,-155.1,,,-258.6152632,
52,-150.4,,,-273.6195238,
51,-145.7,,,-271.5342105,
50,-141,,,-265.2180952,
49,-145.65,,,-278.8352632,
48,-150.3,,,-268.8595238,
47,-151.25,,,-263.5731579,
46,-152.2,,,-255.727619,
45,-153.2,,,-260.8068421,
44,-154.2,,,-260.6438095,
43,-152.8,,,-253.7621053,
42,-151.4,,,-251.1161905,
41,-148.1,,,-249.7131579,
40,-144.8,,,-244.0842857,
39,-146.8667,,,-260.1515789,
38,-148.9333,,,-264.1338095,
37,-151,,,-254.3005263,
36,-147.7,,,-252.9942857,
35,-144.4,,,-261.8268421,
34,-149.8,,,-253.1238095,
33,-155.2,,,-255.9384211,
32,-147.9,,,-261.2409524,
31,-140.6,,,-263.5126316,
30,-150.3,,,-271.3519048,
29,-160,,,-278.7684211,
28,-153.4,,,-251.2452381,
27,-146.8,,,-258.2505263,
26,-147.7,,,-265.9,
25,-148.6,,,-251.4405263,
24,-150.05,,,-256.4104762,
23,-151.5,,,-262.9310526,
22,-150.9667,,,-258.7752381,
21,-150.4333,,,-269.6878947,
20,-149.9,,,-270.6104762,
19,-148.85,,,-247.2621053,
18,-147.8,,,-259.5819048,
17,-148.5,,,-265.7836842,
16,-149.2,,,-256.35,
15,-151.6,,,-248.8621053,
14,-154,,,-275.8728571,
13,-154.55,,,-257.4815789,
12,-155.1,,,-255.6071429,
11,-152.75,,,-260.0868421,
10,-150.4,,,-253.9704762,
9,-151.45,,,-278.1331579,
8,-152.5,,,-276.2547619,
7,-153.5,,,-271.5905263,
6,-154.5,,,-270.4971429,
5,-146.6,,,-276.53,
4,-138.7,,,-275.6571429,
3,-142.95,,,-263.4078947,
2,-147.2,,,-281.11,
1,-151.05,,,-270.7347368,
0,-154.9,,,-271.5233333,
-1,,,,-271.6626316,
-2,,,,-269.2619048,
-3,,,,-268.6284211,
-4,,,,-252.6833333,
-5,,,,-252.7552632,
-6,,,,-277.0114286,
-7,,,,-263.9436842,
-8,,,,-272.5661905,
-9,,,,-277.81,
-10,,,,-254.2166667,
-11,,,,-258.9515789,
-12,,,,-271.0566667,
-13,,,,-259.1536842,
-14,,,,-262.0914286,
-15,,,,-253.4789474,
-16,,,,-264.4233333,
-17,,,,-267.6984211,
-18,,,,-273.8261905,
-19,,,,-250.6305263,
-20,,,,-251.9261905,
-21,,,,-260.4031579,
-22,,,,-251.2585714,
-23,,,,-260.0268421,
-24,,,,-257.2128571,
-25,,,,-252.2236842,
-26,,,,-253.44,
-27,,,,-256.9936842,
-28,,,,-259.7361905,
-29,,,,-265.34,
-30,,,,-255.7680952,
-31,,,,-258.2436842,
-32,,,,-259.0147619,
-33,,,,-265.5342105,
-34,,,,-264.8652381,
-35,,,,-258.0742105,
-36,,,,-258.85,
-37,,,,-260.56,
-38,,,,-277.4461905,
-39,,,,-269.98,
-40,,,,-251.0114286,
-41,,,,-256.1742105,
-42,,,,-257.1433333,
-43,,,,-275.3521053,
-44,,,,-254.4552381,
-45,,,,-263.8842105,
-46,,,,-273.8314286,
-47,,,,-270.2615789,
-48,,,,-274.982381,
-49,,,,-265.9684211,
-50,,,,-269.4954545,
