year,DateTime
0,2016-12-02
1,2016-12-03
2,2016-12-04
3,2016-12-05
4,2016-12-06
5,2016-12-07
6,2016-12-08
7,2016-12-09
8,2016-12-10
9,2016-12-11
10,2016-12-12
11,2016-12-13
12,2016-12-14
13,2016-12-15
14,2016-12-16
15,2016-12-17
16,2016-12-18
17,2016-12-19
18,2016-12-20
19,2016-12-21
20,2016-12-22
21,2016-12-23
22,2016-12-24
23,2016-12-25
24,2016-12-26
25,2016-12-27
26,2016-12-28
27,2016-12-29
28,2016-12-30
29,2016-12-31
30,2017-01-01
31,2017-01-02
32,2017-01-03
33,2017-01-04
34,2017-01-05
35,2017-01-06
36,2017-01-07
37,2017-01-08
38,2017-01-09
39,2017-01-10
40,2017-01-11
41,2017-01-12
42,2017-01-13
43,2017-01-14
44,2017-01-15
45,2017-01-16
46,2017-01-17
47,2017-01-18
48,2017-01-19
49,2017-01-20
50,2017-01-21
51,2017-01-22
52,2017-01-23
53,2017-01-24
54,2017-01-25
55,2017-01-26
56,2017-01-27
57,2017-01-28
58,2017-01-29
59,2017-01-30
60,2017-01-31
61,2017-02-01
62,2017-02-02
63,2017-02-03
64,2017-02-04
65,2017-02-05
66,2017-02-06
67,2017-02-07
68,2017-02-08
69,2017-02-09
70,2017-02-10
71,2017-02-11
72,2017-02-12
73,2017-02-13
74,2017-02-14
75,2017-02-15
76,2017-02-16
77,2017-02-17
78,2017-02-18
79,2017-02-19
80,2017-02-20
81,2017-02-21
82,2017-02-22
83,2017-02-23
84,2017-02-24
85,2017-02-25
86,2017-02-26
87,2017-02-27
88,2017-02-28
89,2017-03-01
90,2017-03-02
91,2017-03-03
92,2017-03-04
93,2017-03-05
94,2017-03-06
95,2017-03-07
96,2017-03-08
97,2017-03-09
98,2017-03-10
99,2017-03-11
100,2017-03-12
101,2017-03-13
102,2017-03-14
103,2017-03-15
104,2017-03-16
105,2017-03-17
106,2017-03-18
107,2017-03-19
108,2017-03-20
109,2017-03-21
110,2017-03-22
111,2017-03-23
112,2017-03-24
113,2017-03-25
114,2017-03-26
115,2017-03-27
116,2017-03-28
117,2017-03-29
118,2017-03-30
119,2017-03-31
120,2017-04-01
121,2017-04-02
122,2017-04-03
123,2017-04-04
124,2017-04-05
125,2017-04-06
126,2017-04-07
127,2017-04-08
128,2017-04-09
129,2017-04-10
130,2017-04-11
131,2017-04-12
132,2017-04-13
133,2017-04-14
134,2017-04-15
135,2017-04-16
136,2017-04-17
137,2017-04-18
138,2017-04-19
139,2017-04-20
140,2017-04-21
141,2017-04-22
142,2017-04-23
143,2017-04-24
144,2017-04-25
145,2017-04-26
146,2017-04-27
147,2017-04-28
148,2017-04-29
149,2017-04-30
150,2017-05-01
151,2017-05-02
152,2017-05-03
153,2017-05-04
154,2017-05-05
155,2017-05-06
156,2017-05-07
157,2017-05-08
158,2017-05-09
159,2017-05-10
160,2017-05-11
161,2017-05-12
162,2017-05-13
163,2017-05-14
164,2017-05-15
165,2017-05-16
166,2017-05-17
167,2017-05-18
168,2017-05-19
169,2017-05-20
170,2017-05-21
171,2017-05-22
172,2017-05-23
173,2017-05-24
174,2017-05-25
175,2017-05-26
176,2017-05-27
177,2017-05-28
178,2017-05-29
179,2017-05-30
180,2017-05-31
181,2017-06-01
182,2017-06-02
183,2017-06-03
184,2017-06-04
185,2017-06-05
186,2017-06-06
187,2017-06-07
188,2017-06-08
189,2017-06-09
190,2017-06-10
191,2017-06-11
192,2017-06-12
193,2017-06-13
194,2017-06-14
195,2017-06-15
196,2017-06-16
197,2017-06-17
198,2017-06-18
199,2017-06-19
200,2017-06-20
201,2017-06-21
202,2017-06-22
203,2017-06-23
204,2017-06-24
205,2017-06-25
206,2017-06-26
207,2017-06-27
208,2017-06-28
209,2017-06-29
210,2017-06-30
211,2017-07-01
212,2017-07-02
213,2017-07-03
214,2017-07-04
215,2017-07-05
216,2017-07-06
217,2017-07-07
218,2017-07-08
219,2017-07-09
220,2017-07-10
221,2017-07-11
222,2017-07-12
223,2017-07-13
224,2017-07-14
225,2017-07-15
226,2017-07-16
227,2017-07-17
228,2017-07-18
229,2017-07-19
230,2017-07-20
231,2017-07-21
232,2017-07-22
233,2017-07-23
234,2017-07-24
235,2017-07-25
236,2017-07-26
237,2017-07-27
238,2017-07-28
239,2017-07-29
240,2017-07-30
241,2017-07-31
242,2017-08-01
243,2017-08-02
244,2017-08-03
245,2017-08-04
246,2017-08-05
247,2017-08-06
248,2017-08-07
249,2017-08-08
250,2017-08-09
251,2017-08-10
252,2017-08-11
253,2017-08-12
254,2017-08-13
255,2017-08-14
256,2017-08-15
257,2017-08-16
258,2017-08-17
259,2017-08-18
260,2017-08-19
261,2017-08-20
262,2017-08-21
263,2017-08-22
264,2017-08-23
265,2017-08-24
266,2017-08-25
267,2017-08-26
268,2017-08-27
269,2017-08-28
270,2017-08-29
271,2017-08-30
272,2017-08-31
273,2017-09-01
274,2017-09-02
275,2017-09-03
276,2017-09-04
277,2017-09-05
278,2017-09-06
279,2017-09-07
280,2017-09-08
281,2017-09-09
282,2017-09-10
283,2017-09-11
284,2017-09-12
285,2017-09-13
286,2017-09-14
287,2017-09-15
288,2017-09-16
289,2017-09-17
290,2017-09-18
291,2017-09-19
292,2017-09-20
293,2017-09-21
294,2017-09-22
295,2017-09-23
296,2017-09-24
297,2017-09-25
298,2017-09-26
299,2017-09-27
300,2017-09-28
301,2017-09-29
302,2017-09-30
303,2017-10-01
304,2017-10-02
305,2017-10-03
306,2017-10-04
307,2017-10-05
308,2017-10-06
309,2017-10-07
310,2017-10-08
311,2017-10-09
312,2017-10-10
313,2017-10-11
314,2017-10-12
315,2017-10-13
316,2017-10-14
317,2017-10-15
318,2017-10-16
319,2017-10-17
320,2017-10-18
321,2017-10-19
322,2017-10-20
323,2017-10-21
324,2017-10-22
325,2017-10-23
326,2017-10-24
327,2017-10-25
328,2017-10-26
329,2017-10-27
330,2017-10-28
331,2017-10-29
332,2017-10-30
333,2017-10-31
334,2017-11-01
335,2017-11-02
336,2017-11-03
337,2017-11-04
338,2017-11-05
339,2017-11-06
340,2017-11-07
341,2017-11-08
342,2017-11-09
343,2017-11-10
344,2017-11-11
345,2017-11-12
346,2017-11-13
347,2017-11-14
348,2017-11-15
349,2017-11-16
350,2017-11-17
351,2017-11-18
352,2017-11-19
353,2017-11-20
354,2017-11-21
355,2017-11-22
356,2017-11-23
357,2017-11-24
358,2017-11-25
359,2017-11-26
360,2017-11-27
361,2017-11-28
362,2017-11-29
363,2017-11-30
364,2017-12-01
365,2017-12-02
366,2017-12-03
367,2017-12-04
368,2017-12-05
369,2017-12-06
370,2017-12-07
371,2017-12-08
372,2017-12-09
373,2017-12-10
374,2017-12-11
375,2017-12-12
376,2017-12-13
377,2017-12-14
378,2017-12-15
379,2017-12-16
380,2017-12-17
381,2017-12-18
382,2017-12-19
383,2017-12-20
384,2017-12-21
385,2017-12-22
386,2017-12-23
387,2017-12-24
388,2017-12-25
389,2017-12-26
390,2017-12-27
391,2017-12-28
392,2017-12-29
393,2017-12-30
394,2017-12-31
395,2018-01-01
396,2018-01-02
397,2018-01-03
398,2018-01-04
399,2018-01-05
400,2018-01-06
401,2018-01-07
402,2018-01-08
403,2018-01-09
404,2018-01-10
405,2018-01-11
406,2018-01-12
407,2018-01-13
408,2018-01-14
409,2018-01-15
410,2018-01-16
411,2018-01-17
412,2018-01-18
413,2018-01-19
414,2018-01-20
415,2018-01-21
416,2018-01-22
417,2018-01-23
418,2018-01-24
419,2018-01-25
420,2018-01-26
421,2018-01-27
422,2018-01-28
423,2018-01-29
424,2018-01-30
425,2018-01-31
426,2018-02-01
427,2018-02-02
428,2018-02-03
429,2018-02-04
430,2018-02-05
431,2018-02-06
432,2018-02-07
433,2018-02-08
434,2018-02-09
435,2018-02-10
436,2018-02-11
437,2018-02-12
438,2018-02-13
439,2018-02-14
440,2018-02-15
441,2018-02-16
442,2018-02-17
443,2018-02-18
444,2018-02-19
445,2018-02-20
446,2018-02-21
447,2018-02-22
448,2018-02-23
449,2018-02-24
450,2018-02-25
451,2018-02-26
452,2018-02-27
453,2018-02-28
454,2018-03-01
455,2018-03-02
456,2018-03-03
457,2018-03-04
458,2018-03-05
459,2018-03-06
460,2018-03-07
461,2018-03-08
462,2018-03-09
463,2018-03-10
464,2018-03-11
465,2018-03-12
466,2018-03-13
467,2018-03-14
468,2018-03-15
469,2018-03-16
470,2018-03-17
471,2018-03-18
472,2018-03-19
473,2018-03-20
474,2018-03-21
475,2018-03-22
476,2018-03-23
477,2018-03-24
478,2018-03-25
479,2018-03-26
480,2018-03-27
481,2018-03-28
482,2018-03-29
483,2018-03-30
484,2018-03-31
485,2018-04-01
486,2018-04-02
487,2018-04-03
488,2018-04-04
489,2018-04-05
490,2018-04-06
491,2018-04-07
492,2018-04-08
493,2018-04-09
494,2018-04-10
495,2018-04-11
496,2018-04-12
497,2018-04-13
498,2018-04-14
499,2018-04-15
500,2018-04-16
501,2018-04-17
502,2018-04-18
503,2018-04-19
504,2018-04-20
505,2018-04-21
506,2018-04-22
507,2018-04-23
508,2018-04-24
509,2018-04-25
510,2018-04-26
511,2018-04-27
512,2018-04-28
513,2018-04-29
514,2018-04-30
515,2018-05-01
516,2018-05-02
517,2018-05-03
518,2018-05-04
519,2018-05-05
520,2018-05-06
521,2018-05-07
522,2018-05-08
523,2018-05-09
524,2018-05-10
525,2018-05-11
526,2018-05-12
527,2018-05-13
528,2018-05-14
529,2018-05-15
530,2018-05-16
531,2018-05-17
532,2018-05-18
533,2018-05-19
534,2018-05-20
535,2018-05-21
536,2018-05-22
537,2018-05-23
538,2018-05-24
539,2018-05-25
540,2018-05-26
541,2018-05-27
542,2018-05-28
543,2018-05-29
544,2018-05-30
545,2018-05-31
546,2018-06-01
547,2018-06-02
548,2018-06-03
549,2018-06-04
550,2018-06-05
551,2018-06-06
552,2018-06-07
553,2018-06-08
554,2018-06-09
555,2018-06-10
556,2018-06-11
557,2018-06-12
558,2018-06-13
559,2018-06-14
560,2018-06-15
561,2018-06-16
562,2018-06-17
563,2018-06-18
564,2018-06-19
565,2018-06-20
566,2018-06-21
567,2018-06-22
568,2018-06-23
569,2018-06-24
570,2018-06-25
571,2018-06-26
572,2018-06-27
573,2018-06-28
574,2018-06-29
575,2018-06-30
576,2018-07-01
577,2018-07-02
578,2018-07-03
579,2018-07-04
580,2018-07-05
581,2018-07-06
582,2018-07-07
583,2018-07-08
584,2018-07-09
585,2018-07-10
586,2018-07-11
587,2018-07-12
588,2018-07-13
589,2018-07-14
590,2018-07-15
591,2018-07-16
592,2018-07-17
593,2018-07-18
594,2018-07-19
595,2018-07-20
596,2018-07-21
597,2018-07-22
598,2018-07-23
599,2018-07-24
600,2018-07-25
601,2018-07-26
602,2018-07-27
603,2018-07-28
604,2018-07-29
605,2018-07-30
606,2018-07-31
607,2018-08-01
608,2018-08-02
609,2018-08-03
610,2018-08-04
611,2018-08-05
612,2018-08-06
613,2018-08-07
614,2018-08-08
615,2018-08-09
616,2018-08-10
617,2018-08-11
618,2018-08-12
619,2018-08-13
620,2018-08-14
621,2018-08-15
622,2018-08-16
623,2018-08-17
624,2018-08-18
625,2018-08-19
626,2018-08-20
627,2018-08-21
628,2018-08-22
629,2018-08-23
630,2018-08-24
631,2018-08-25
632,2018-08-26
633,2018-08-27
634,2018-08-28
635,2018-08-29
636,2018-08-30
637,2018-08-31
638,2018-09-01
639,2018-09-02
640,2018-09-03
641,2018-09-04
642,2018-09-05
643,2018-09-06
644,2018-09-07
645,2018-09-08
646,2018-09-09
647,2018-09-10
648,2018-09-11
649,2018-09-12
650,2018-09-13
651,2018-09-14
652,2018-09-15
653,2018-09-16
654,2018-09-17
655,2018-09-18
656,2018-09-19
657,2018-09-20
658,2018-09-21
659,2018-09-22
660,2018-09-23
661,2018-09-24
662,2018-09-25
663,2018-09-26
664,2018-09-27
665,2018-09-28
666,2018-09-29
667,2018-09-30
668,2018-10-01
669,2018-10-02
670,2018-10-03
671,2018-10-04
672,2018-10-05
673,2018-10-06
674,2018-10-07
675,2018-10-08
676,2018-10-09
677,2018-10-10
678,2018-10-11
679,2018-10-12
680,2018-10-13
681,2018-10-14
682,2018-10-15
683,2018-10-16
684,2018-10-17
685,2018-10-18
686,2018-10-19
687,2018-10-20
688,2018-10-21
689,2018-10-22
690,2018-10-23
691,2018-10-24
692,2018-10-25
693,2018-10-26
694,2018-10-27
695,2018-10-28
696,2018-10-29
697,2018-10-30
698,2018-10-31
699,2018-11-01
700,2018-11-02
701,2018-11-03
702,2018-11-04
703,2018-11-05
704,2018-11-06
705,2018-11-07
706,2018-11-08
707,2018-11-09
708,2018-11-10
709,2018-11-11
710,2018-11-12
711,2018-11-13
712,2018-11-14
713,2018-11-15
714,2018-11-16
715,2018-11-17
716,2018-11-18
717,2018-11-19
718,2018-11-20
719,2018-11-21
720,2018-11-22
721,2018-11-23
722,2018-11-24
723,2018-11-25
724,2018-11-26
725,2018-11-27
726,2018-11-28
727,2018-11-29
728,2018-11-30
729,2018-12-01
730,2018-12-02
731,2018-12-03
732,2018-12-04
733,2018-12-05
734,2018-12-06
735,2018-12-07
736,2018-12-08
737,2018-12-09
738,2018-12-10
739,2018-12-11
740,2018-12-12
741,2018-12-13
742,2018-12-14
743,2018-12-15
744,2018-12-16
745,2018-12-17
746,2018-12-18
747,2018-12-19
748,2018-12-20
749,2018-12-21
750,2018-12-22
751,2018-12-23
752,2018-12-24
753,2018-12-25
754,2018-12-26
755,2018-12-27
756,2018-12-28
757,2018-12-29
758,2018-12-30
759,2018-12-31
760,2019-01-01
761,2019-01-02
762,2019-01-03
763,2019-01-04
764,2019-01-05
765,2019-01-06
766,2019-01-07
767,2019-01-08
768,2019-01-09
769,2019-01-10
770,2019-01-11
771,2019-01-12
772,2019-01-13
773,2019-01-14
774,2019-01-15
775,2019-01-16
776,2019-01-17
777,2019-01-18
778,2019-01-19
779,2019-01-20
780,2019-01-21
781,2019-01-22
782,2019-01-23
783,2019-01-24
784,2019-01-25
785,2019-01-26
786,2019-01-27
787,2019-01-28
788,2019-01-29
789,2019-01-30
790,2019-01-31
791,2019-02-01
792,2019-02-02
793,2019-02-03
794,2019-02-04
795,2019-02-05
796,2019-02-06
797,2019-02-07
798,2019-02-08
799,2019-02-09
800,2019-02-10
801,2019-02-11
802,2019-02-12
803,2019-02-13
804,2019-02-14
805,2019-02-15
806,2019-02-16
807,2019-02-17
808,2019-02-18
809,2019-02-19
810,2019-02-20
811,2019-02-21
812,2019-02-22
813,2019-02-23
814,2019-02-24
815,2019-02-25
816,2019-02-26
817,2019-02-27
818,2019-02-28
819,2019-03-01
820,2019-03-02
821,2019-03-03
822,2019-03-04
823,2019-03-05
824,2019-03-06
825,2019-03-07
826,2019-03-08
827,2019-03-09
828,2019-03-10
829,2019-03-11
830,2019-03-12
831,2019-03-13
832,2019-03-14
833,2019-03-15
834,2019-03-16
835,2019-03-17
836,2019-03-18
837,2019-03-19
838,2019-03-20
839,2019-03-21
840,2019-03-22
841,2019-03-23
842,2019-03-24
843,2019-03-25
844,2019-03-26
845,2019-03-27
846,2019-03-28
847,2019-03-29
848,2019-03-30
849,2019-03-31
850,2019-04-01
851,2019-04-02
852,2019-04-03
853,2019-04-04
854,2019-04-05
855,2019-04-06
856,2019-04-07
857,2019-04-08
858,2019-04-09
859,2019-04-10
860,2019-04-11
861,2019-04-12
862,2019-04-13
863,2019-04-14
864,2019-04-15
865,2019-04-16
866,2019-04-17
867,2019-04-18
868,2019-04-19
869,2019-04-20
870,2019-04-21
871,2019-04-22
872,2019-04-23
873,2019-04-24
874,2019-04-25
875,2019-04-26
876,2019-04-27
877,2019-04-28
878,2019-04-29
879,2019-04-30
880,2019-05-01
881,2019-05-02
882,2019-05-03
883,2019-05-04
884,2019-05-05
885,2019-05-06
886,2019-05-07
887,2019-05-08
888,2019-05-09
889,2019-05-10
890,2019-05-11
891,2019-05-12
892,2019-05-13
893,2019-05-14
894,2019-05-15
895,2019-05-16
896,2019-05-17
897,2019-05-18
898,2019-05-19
899,2019-05-20
900,2019-05-21
901,2019-05-22
902,2019-05-23
903,2019-05-24
904,2019-05-25
905,2019-05-26
906,2019-05-27
907,2019-05-28
908,2019-05-29
909,2019-05-30
910,2019-05-31
911,2019-06-01
912,2019-06-02
913,2019-06-03
914,2019-06-04
915,2019-06-05
916,2019-06-06
917,2019-06-07
918,2019-06-08
919,2019-06-09
920,2019-06-10
921,2019-06-11
922,2019-06-12
923,2019-06-13
924,2019-06-14
925,2019-06-15
926,2019-06-16
927,2019-06-17
928,2019-06-18
929,2019-06-19
930,2019-06-20
931,2019-06-21
932,2019-06-22
933,2019-06-23
934,2019-06-24
935,2019-06-25
936,2019-06-26
937,2019-06-27
938,2019-06-28
939,2019-06-29
940,2019-06-30
941,2019-07-01
942,2019-07-02
943,2019-07-03
944,2019-07-04
945,2019-07-05
946,2019-07-06
947,2019-07-07
948,2019-07-08
949,2019-07-09
950,2019-07-10
951,2019-07-11
952,2019-07-12
953,2019-07-13
954,2019-07-14
955,2019-07-15
956,2019-07-16
957,2019-07-17
958,2019-07-18
959,2019-07-19
960,2019-07-20
961,2019-07-21
962,2019-07-22
963,2019-07-23
964,2019-07-24
965,2019-07-25
966,2019-07-26
967,2019-07-27
968,2019-07-28
969,2019-07-29
970,2019-07-30
971,2019-07-31
972,2019-08-01
973,2019-08-02
974,2019-08-03
975,2019-08-04
976,2019-08-05
977,2019-08-06
978,2019-08-07
979,2019-08-08
980,2019-08-09
981,2019-08-10
982,2019-08-11
983,2019-08-12
984,2019-08-13
985,2019-08-14
986,2019-08-15
987,2019-08-16
988,2019-08-17
989,2019-08-18
990,2019-08-19
991,2019-08-20
992,2019-08-21
993,2019-08-22
994,2019-08-23
995,2019-08-24
996,2019-08-25
997,2019-08-26
998,2019-08-27
999,2019-08-28
1000,2019-08-29
1001,2019-08-30
1002,2019-08-31
1003,2019-09-01
1004,2019-09-02
1005,2019-09-03
1006,2019-09-04
1007,2019-09-05
1008,2019-09-06
1009,2019-09-07
1010,2019-09-08
1011,2019-09-09
1012,2019-09-10
1013,2019-09-11
1014,2019-09-12
1015,2019-09-13
1016,2019-09-14
1017,2019-09-15
1018,2019-09-16
1019,2019-09-17
1020,2019-09-18
1021,2019-09-19
1022,2019-09-20
1023,2019-09-21
1024,2019-09-22
1025,2019-09-23
1026,2019-09-24
1027,2019-09-25
1028,2019-09-26
1029,2019-09-27
1030,2019-09-28
1031,2019-09-29
1032,2019-09-30
1033,2019-10-01
1034,2019-10-02
1035,2019-10-03
1036,2019-10-04
1037,2019-10-05
1038,2019-10-06
1039,2019-10-07
1040,2019-10-08
1041,2019-10-09
1042,2019-10-10
1043,2019-10-11
1044,2019-10-12
1045,2019-10-13
1046,2019-10-14
1047,2019-10-15
1048,2019-10-16
1049,2019-10-17
1050,2019-10-18
1051,2019-10-19
1052,2019-10-20
1053,2019-10-21
1054,2019-10-22
1055,2019-10-23
1056,2019-10-24
1057,2019-10-25
1058,2019-10-26
1059,2019-10-27
1060,2019-10-28
1061,2019-10-29
1062,2019-10-30
1063,2019-10-31
1064,2019-11-01
1065,2019-11-02
1066,2019-11-03
1067,2019-11-04
1068,2019-11-05
1069,2019-11-06
1070,2019-11-07
1071,2019-11-08
1072,2019-11-09
1073,2019-11-10
1074,2019-11-11
1075,2019-11-12
1076,2019-11-13
1077,2019-11-14
1078,2019-11-15
1079,2019-11-16
1080,2019-11-17
1081,2019-11-18
1082,2019-11-19
1083,2019-11-20
1084,2019-11-21
1085,2019-11-22
1086,2019-11-23
1087,2019-11-24
1088,2019-11-25
1089,2019-11-26
1090,2019-11-27
1091,2019-11-28
1092,2019-11-29
1093,2019-11-30
1094,2019-12-01
1095,2019-12-02
1096,2019-12-03
1097,2019-12-04
1098,2019-12-05
1099,2019-12-06
1100,2019-12-07
1101,2019-12-08
1102,2019-12-09
1103,2019-12-10
1104,2019-12-11
1105,2019-12-12
1106,2019-12-13
1107,2019-12-14
1108,2019-12-15
1109,2019-12-16
1110,2019-12-17
1111,2019-12-18
1112,2019-12-19
1113,2019-12-20
1114,2019-12-21
1115,2019-12-22
1116,2019-12-23
1117,2019-12-24
1118,2019-12-25
1119,2019-12-26
1120,2019-12-27
1121,2019-12-28
1122,2019-12-29
1123,2019-12-30
1124,2019-12-31
1125,2020-01-01
1126,2020-01-02
1127,2020-01-03
1128,2020-01-04
1129,2020-01-05
1130,2020-01-06
1131,2020-01-07
1132,2020-01-08
1133,2020-01-09
1134,2020-01-10
1135,2020-01-11
1136,2020-01-12
1137,2020-01-13
1138,2020-01-14
1139,2020-01-15
1140,2020-01-16
1141,2020-01-17
1142,2020-01-18
1143,2020-01-19
1144,2020-01-20
1145,2020-01-21
1146,2020-01-22
1147,2020-01-23
1148,2020-01-24
1149,2020-01-25
1150,2020-01-26
1151,2020-01-27
1152,2020-01-28
1153,2020-01-29
1154,2020-01-30
1155,2020-01-31
1156,2020-02-01
1157,2020-02-02
1158,2020-02-03
1159,2020-02-04
1160,2020-02-05
1161,2020-02-06
1162,2020-02-07
1163,2020-02-08
1164,2020-02-09
1165,2020-02-10
1166,2020-02-11
1167,2020-02-12
1168,2020-02-13
1169,2020-02-14
1170,2020-02-15
1171,2020-02-16
1172,2020-02-17
1173,2020-02-18
1174,2020-02-19
1175,2020-02-20
1176,2020-02-21
1177,2020-02-22
1178,2020-02-23
1179,2020-02-24
1180,2020-02-25
1181,2020-02-26
1182,2020-02-27
1183,2020-02-28
1184,2020-02-29
1185,2020-03-01
1186,2020-03-02
1187,2020-03-03
1188,2020-03-04
1189,2020-03-05
1190,2020-03-06
1191,2020-03-07
1192,2020-03-08
1193,2020-03-09
1194,2020-03-10
1195,2020-03-11
1196,2020-03-12
1197,2020-03-13
1198,2020-03-14
1199,2020-03-15
1200,2020-03-16
1201,2020-03-17
1202,2020-03-18
1203,2020-03-19
1204,2020-03-20
1205,2020-03-21
1206,2020-03-22
1207,2020-03-23
1208,2020-03-24
1209,2020-03-25
1210,2020-03-26
1211,2020-03-27
1212,2020-03-28
1213,2020-03-29
1214,2020-03-30
1215,2020-03-31
1216,2020-04-01
1217,2020-04-02
1218,2020-04-03
1219,2020-04-04
1220,2020-04-05
1221,2020-04-06
1222,2020-04-07
1223,2020-04-08
1224,2020-04-09
1225,2020-04-10
1226,2020-04-11
1227,2020-04-12
1228,2020-04-13
1229,2020-04-14
1230,2020-04-15
1231,2020-04-16
1232,2020-04-17
1233,2020-04-18
1234,2020-04-19
1235,2020-04-20
1236,2020-04-21
1237,2020-04-22
1238,2020-04-23
1239,2020-04-24
1240,2020-04-25
1241,2020-04-26
1242,2020-04-27
1243,2020-04-28
1244,2020-04-29
1245,2020-04-30
1246,2020-05-01
1247,2020-05-02
1248,2020-05-03
1249,2020-05-04
1250,2020-05-05
1251,2020-05-06
1252,2020-05-07
1253,2020-05-08
1254,2020-05-09
1255,2020-05-10
1256,2020-05-11
1257,2020-05-12
1258,2020-05-13
1259,2020-05-14
1260,2020-05-15
1261,2020-05-16
1262,2020-05-17
1263,2020-05-18
1264,2020-05-19
1265,2020-05-20
1266,2020-05-21
1267,2020-05-22
1268,2020-05-23
1269,2020-05-24
1270,2020-05-25
1271,2020-05-26
1272,2020-05-27
1273,2020-05-28
1274,2020-05-29
1275,2020-05-30
1276,2020-05-31
1277,2020-06-01
1278,2020-06-02
1279,2020-06-03
1280,2020-06-04
1281,2020-06-05
1282,2020-06-06
1283,2020-06-07
1284,2020-06-08
1285,2020-06-09
1286,2020-06-10
1287,2020-06-11
1288,2020-06-12
1289,2020-06-13
1290,2020-06-14
1291,2020-06-15
1292,2020-06-16
1293,2020-06-17
1294,2020-06-18
1295,2020-06-19
1296,2020-06-20
1297,2020-06-21
1298,2020-06-22
1299,2020-06-23
1300,2020-06-24
1301,2020-06-25
1302,2020-06-26
1303,2020-06-27
1304,2020-06-28
1305,2020-06-29
1306,2020-06-30
1307,2020-07-01
1308,2020-07-02
1309,2020-07-03
1310,2020-07-04
1311,2020-07-05
1312,2020-07-06
1313,2020-07-07
1314,2020-07-08
1315,2020-07-09
1316,2020-07-10
1317,2020-07-11
1318,2020-07-12
1319,2020-07-13
1320,2020-07-14
1321,2020-07-15
1322,2020-07-16
1323,2020-07-17
1324,2020-07-18
1325,2020-07-19
1326,2020-07-20
1327,2020-07-21
1328,2020-07-22
1329,2020-07-23
1330,2020-07-24
1331,2020-07-25
1332,2020-07-26
1333,2020-07-27
1334,2020-07-28
1335,2020-07-29
1336,2020-07-30
1337,2020-07-31
1338,2020-08-01
1339,2020-08-02
1340,2020-08-03
1341,2020-08-04
1342,2020-08-05
1343,2020-08-06
1344,2020-08-07
1345,2020-08-08
1346,2020-08-09
1347,2020-08-10
1348,2020-08-11
1349,2020-08-12
1350,2020-08-13
1351,2020-08-14
1352,2020-08-15
1353,2020-08-16
1354,2020-08-17
1355,2020-08-18
1356,2020-08-19
1357,2020-08-20
1358,2020-08-21
1359,2020-08-22
1360,2020-08-23
1361,2020-08-24
1362,2020-08-25
1363,2020-08-26
1364,2020-08-27
1365,2020-08-28
1366,2020-08-29
1367,2020-08-30
1368,2020-08-31
1369,2020-09-01
1370,2020-09-02
1371,2020-09-03
1372,2020-09-04
1373,2020-09-05
1374,2020-09-06
1375,2020-09-07
1376,2020-09-08
1377,2020-09-09
1378,2020-09-10
1379,2020-09-11
1380,2020-09-12
1381,2020-09-13
1382,2020-09-14
1383,2020-09-15
1384,2020-09-16
1385,2020-09-17
1386,2020-09-18
1387,2020-09-19
1388,2020-09-20
1389,2020-09-21
1390,2020-09-22
1391,2020-09-23
1392,2020-09-24
1393,2020-09-25
1394,2020-09-26
1395,2020-09-27
1396,2020-09-28
1397,2020-09-29
1398,2020-09-30
1399,2020-10-01
1400,2020-10-02
1401,2020-10-03
1402,2020-10-04
1403,2020-10-05
1404,2020-10-06
1405,2020-10-07
1406,2020-10-08
1407,2020-10-09
1408,2020-10-10
1409,2020-10-11
1410,2020-10-12
1411,2020-10-13
1412,2020-10-14
1413,2020-10-15
1414,2020-10-16
1415,2020-10-17
1416,2020-10-18
1417,2020-10-19
1418,2020-10-20
1419,2020-10-21
1420,2020-10-22
1421,2020-10-23
1422,2020-10-24
1423,2020-10-25
1424,2020-10-26
1425,2020-10-27
1426,2020-10-28
1427,2020-10-29
1428,2020-10-30
1429,2020-10-31
1430,2020-11-01
1431,2020-11-02
1432,2020-11-03
1433,2020-11-04
1434,2020-11-05
1435,2020-11-06
1436,2020-11-07
1437,2020-11-08
1438,2020-11-09
1439,2020-11-10
1440,2020-11-11
1441,2020-11-12
1442,2020-11-13
1443,2020-11-14
1444,2020-11-15
1445,2020-11-16
1446,2020-11-17
1447,2020-11-18
1448,2020-11-19
1449,2020-11-20
1450,2020-11-21
1451,2020-11-22
1452,2020-11-23
1453,2020-11-24
1454,2020-11-25
1455,2020-11-26
1456,2020-11-27
1457,2020-11-28
1458,2020-11-29
1459,2020-11-30
1460,2020-12-01
1461,2020-12-02
1462,2020-12-03
1463,2020-12-04
1464,2020-12-05
1465,2020-12-06
1466,2020-12-07
1467,2020-12-08
1468,2020-12-09
1469,2020-12-10
1470,2020-12-11
1471,2020-12-12
1472,2020-12-13
1473,2020-12-14
1474,2020-12-15
1475,2020-12-16
1476,2020-12-17
1477,2020-12-18
1478,2020-12-19
1479,2020-12-20
1480,2020-12-21
1481,2020-12-22
1482,2020-12-23
1483,2020-12-24
1484,2020-12-25
1485,2020-12-26
1486,2020-12-27
1487,2020-12-28
1488,2020-12-29
1489,2020-12-30
1490,2020-12-31
