site,ModelRunType
FCR_0001,1
FCR_0002,2
FCR_0003,3
FCR_0004,4
FCR_0005,5
FCR_0006,6
FCR_0007,7
FCR_0008,8
FCR_0009,9
FCR_0010,10
FCR_0011,11
FCR_0012,12
FCR_0013,13
FCR_0014,14
FCR_0015,15
FCR_0016,16
FCR_0017,17
FCR_0018,18
FCR_0019,19
FCR_0020,20
FCR_0021,21
FCR_0022,22
FCR_0023,23
FCR_0024,24
FCR_0025,25
FCR_0026,26
FCR_0027,27
FCR_0028,28
FCR_0029,29
FCR_0030,30
FCR_0031,31
FCR_0032,32
FCR_0033,33
FCR_0034,34
FCR_0035,35
FCR_0036,36
FCR_0037,37
FCR_0038,38
FCR_0039,39
FCR_0040,40
FCR_0041,41
FCR_0042,42
FCR_0043,43
FCR_0044,44
FCR_0045,45
FCR_0046,46
FCR_0047,47
FCR_0048,48
FCR_0049,49
FCR_0050,50
FCR_0051,51
FCR_0052,52
FCR_0053,53
FCR_0054,54
FCR_0055,55
FCR_0056,56
FCR_0057,57
FCR_0058,58
FCR_0059,59
FCR_0060,60
FCR_0061,61
FCR_0062,62
FCR_0063,63
FCR_0064,64
FCR_0065,65
FCR_0066,66
FCR_0067,67
FCR_0068,68
FCR_0069,69
FCR_0070,70
FCR_0071,71
FCR_0072,72
FCR_0073,73
FCR_0074,74
FCR_0075,75
FCR_0076,76
FCR_0077,77
FCR_0078,78
FCR_0079,79
FCR_0080,80
FCR_0081,81
FCR_0082,82
FCR_0083,83
FCR_0084,84
FCR_0085,85
FCR_0086,86
FCR_0087,87
FCR_0088,88
FCR_0089,89
FCR_0090,90
FCR_0091,91
FCR_0092,92
FCR_0093,93
FCR_0094,94
FCR_0095,95
FCR_0096,96
FCR_0097,97
FCR_0098,98
FCR_0099,99
FCR_0100,100
FCR_0101,101
FCR_0102,102
FCR_0103,103
FCR_0104,104
FCR_0105,105
FCR_0106,106
FCR_0107,107
FCR_0108,108
FCR_0109,109
FCR_0110,110
FCR_0111,111
FCR_0112,112
FCR_0113,113
FCR_0114,114
FCR_0115,115
FCR_0116,116
FCR_0117,117
FCR_0118,118
FCR_0119,119
FCR_0120,120
FCR_0121,121
FCR_0122,122
FCR_0123,123
FCR_0124,124
FCR_0125,125
FCR_0126,126
FCR_0127,127
FCR_0128,128
FCR_0129,129
FCR_0130,130
FCR_0131,131
FCR_0132,132
FCR_0133,133
FCR_0134,134
FCR_0135,135
FCR_0136,136
FCR_0137,137
FCR_0138,138
FCR_0139,139
FCR_0140,140
FCR_0141,141
FCR_0142,142
FCR_0143,143
FCR_0144,144
FCR_0145,145
FCR_0146,146
FCR_0147,147
FCR_0148,148
FCR_0149,149
FCR_0150,150
FCR_0151,151
FCR_0152,152
FCR_0153,153
FCR_0154,154
FCR_0155,155
FCR_0156,156
FCR_0157,157
FCR_0158,158
FCR_0159,159
FCR_0160,160
FCR_0161,161
FCR_0162,162
FCR_0163,163
FCR_0164,164
FCR_0165,165
FCR_0166,166
FCR_0167,167
FCR_0168,168
FCR_0169,169
FCR_0170,170
FCR_0171,171
FCR_0172,172
FCR_0173,173
FCR_0174,174
FCR_0175,175
FCR_0176,176
FCR_0177,177
FCR_0178,178
FCR_0179,179
FCR_0180,180
FCR_0181,181
FCR_0182,182
FCR_0183,183
FCR_0184,184
FCR_0185,185
FCR_0186,186
FCR_0187,187
FCR_0188,188
FCR_0189,189
FCR_0190,190
FCR_0191,191
FCR_0192,192
FCR_0193,193
FCR_0194,194
FCR_0195,195
FCR_0196,196
FCR_0197,197
FCR_0198,198
FCR_0199,199
FCR_0200,200
FCR_0201,201
FCR_0202,202
FCR_0203,203
FCR_0204,204
FCR_0205,205
FCR_0206,206
FCR_0207,207
FCR_0208,208
FCR_0209,209
FCR_0210,210
FCR_0211,211
FCR_0212,212
FCR_0213,213
FCR_0214,214
FCR_0215,215
FCR_0216,216
FCR_0217,217
FCR_0218,218
FCR_0219,219
FCR_0220,220
FCR_0221,221
FCR_0222,222
FCR_0223,223
FCR_0224,224
FCR_0225,225
FCR_0226,226
FCR_0227,227
FCR_0228,228
FCR_0229,229
FCR_0230,230
FCR_0231,231
FCR_0232,232
FCR_0233,233
FCR_0234,234
FCR_0235,235
FCR_0236,236
FCR_0237,237
FCR_0238,238
FCR_0239,239
FCR_0240,240
FCR_0241,241
FCR_0242,242
FCR_0243,243
FCR_0244,244
FCR_0245,245
FCR_0246,246
FCR_0247,247
FCR_0248,248
FCR_0249,249
FCR_0250,250
FCR_0251,251
FCR_0252,252
FCR_0253,253
FCR_0254,254
FCR_0255,255
FCR_0256,256
FCR_0257,257
FCR_0258,258
FCR_0259,259
FCR_0260,260
FCR_0261,261
FCR_0262,262
FCR_0263,263
FCR_0264,264
FCR_0265,265
FCR_0266,266
FCR_0267,267
FCR_0268,268
FCR_0269,269
FCR_0270,270
FCR_0271,271
FCR_0272,272
FCR_0273,273
FCR_0274,274
FCR_0275,275
FCR_0276,276
FCR_0277,277
FCR_0278,278
FCR_0279,279
FCR_0280,280
FCR_0281,281
FCR_0282,282
FCR_0283,283
FCR_0284,284
FCR_0285,285
FCR_0286,286
FCR_0287,287
FCR_0288,288
FCR_0289,289
FCR_0290,290
FCR_0291,291
FCR_0292,292
FCR_0293,293
FCR_0294,294
FCR_0295,295
FCR_0296,296
FCR_0297,297
FCR_0298,298
FCR_0299,299
FCR_0300,300
FCR_0301,301
FCR_0302,302
FCR_0303,303
FCR_0304,304
FCR_0305,305
FCR_0306,306
FCR_0307,307
FCR_0308,308
FCR_0309,309
FCR_0310,310
FCR_0311,311
FCR_0312,312
FCR_0313,313
FCR_0314,314
FCR_0315,315
FCR_0316,316
FCR_0317,317
FCR_0318,318
FCR_0319,319
FCR_0320,320
FCR_0321,321
FCR_0322,322
FCR_0323,323
FCR_0324,324
FCR_0325,325
FCR_0326,326
FCR_0327,327
FCR_0328,328
FCR_0329,329
FCR_0330,330
FCR_0331,331
FCR_0332,332
FCR_0333,333
FCR_0334,334
FCR_0335,335
FCR_0336,336
FCR_0337,337
FCR_0338,338
FCR_0339,339
FCR_0340,340
FCR_0341,341
FCR_0342,342
FCR_0343,343
FCR_0344,344
FCR_0345,345
FCR_0346,346
FCR_0347,347
FCR_0348,348
FCR_0349,349
FCR_0350,350
FCR_0351,351
FCR_0352,352
FCR_0353,353
FCR_0354,354
FCR_0355,355
FCR_0356,356
FCR_0357,357
FCR_0358,358
FCR_0359,359
FCR_0360,360
FCR_0361,361
FCR_0362,362
FCR_0363,363
FCR_0364,364
FCR_0365,365
FCR_0366,366
FCR_0367,367
FCR_0368,368
FCR_0369,369
FCR_0370,370
FCR_0371,371
FCR_0372,372
FCR_0373,373
FCR_0374,374
FCR_0375,375
FCR_0376,376
FCR_0377,377
FCR_0378,378
FCR_0379,379
FCR_0380,380
FCR_0381,381
FCR_0382,382
FCR_0383,383
FCR_0384,384
FCR_0385,385
FCR_0386,386
FCR_0387,387
FCR_0388,388
FCR_0389,389
FCR_0390,390
FCR_0391,391
FCR_0392,392
FCR_0393,393
FCR_0394,394
FCR_0395,395
FCR_0396,396
FCR_0397,397
FCR_0398,398
FCR_0399,399
FCR_0400,400
FCR_0401,401
FCR_0402,402
FCR_0403,403
FCR_0404,404
FCR_0405,405
FCR_0406,406
FCR_0407,407
FCR_0408,408
FCR_0409,409
FCR_0410,410
FCR_0411,411
FCR_0412,412
FCR_0413,413
FCR_0414,414
FCR_0415,415
FCR_0416,416
FCR_0417,417
FCR_0418,418
FCR_0419,419
FCR_0420,420
FCR_0421,421
FCR_0422,422
FCR_0423,423
FCR_0424,424
FCR_0425,425
FCR_0426,426
FCR_0427,427
FCR_0428,428
FCR_0429,429
FCR_0430,430
FCR_0431,431
FCR_0432,432
FCR_0433,433
FCR_0434,434
FCR_0435,435
FCR_0436,436
FCR_0437,437
FCR_0438,438
FCR_0439,439
FCR_0440,440
FCR_0441,441
FCR_0442,442
FCR_0443,443
FCR_0444,444
FCR_0445,445
FCR_0446,446
FCR_0447,447
FCR_0448,448
FCR_0449,449
FCR_0450,450
FCR_0451,451
FCR_0452,452
FCR_0453,453
FCR_0454,454
FCR_0455,455
FCR_0456,456
FCR_0457,457
FCR_0458,458
FCR_0459,459
FCR_0460,460
FCR_0461,461
FCR_0462,462
FCR_0463,463
FCR_0464,464
FCR_0465,465
FCR_0466,466
FCR_0467,467
FCR_0468,468
FCR_0469,469
FCR_0470,470
FCR_0471,471
FCR_0472,472
FCR_0473,473
FCR_0474,474
FCR_0475,475
FCR_0476,476
FCR_0477,477
FCR_0478,478
FCR_0479,479
FCR_0480,480
FCR_0481,481
FCR_0482,482
FCR_0483,483
FCR_0484,484
FCR_0485,485
FCR_0486,486
FCR_0487,487
FCR_0488,488
FCR_0489,489
FCR_0490,490
FCR_0491,491
FCR_0492,492
FCR_0493,493
FCR_0494,494
FCR_0495,495
FCR_0496,496
FCR_0497,497
FCR_0498,498
FCR_0499,499
FCR_0500,500
FCR_0501,501
FCR_0502,502
FCR_0503,503
FCR_0504,504
FCR_0505,505
FCR_0506,506
FCR_0507,507
FCR_0508,508
FCR_0509,509
FCR_0510,510
FCR_0511,511
FCR_0512,512
FCR_0513,513
FCR_0514,514
FCR_0515,515
FCR_0516,516
FCR_0517,517
FCR_0518,518
FCR_0519,519
FCR_0520,520
FCR_0521,521
FCR_0522,522
FCR_0523,523
FCR_0524,524
FCR_0525,525
FCR_0526,526
FCR_0527,527
FCR_0528,528
FCR_0529,529
FCR_0530,530
FCR_0531,531
FCR_0532,532
FCR_0533,533
FCR_0534,534
FCR_0535,535
FCR_0536,536
FCR_0537,537
FCR_0538,538
FCR_0539,539
FCR_0540,540
FCR_0541,541
FCR_0542,542
FCR_0543,543
FCR_0544,544
FCR_0545,545
FCR_0546,546
FCR_0547,547
FCR_0548,548
FCR_0549,549
FCR_0550,550
FCR_0551,551
FCR_0552,552
FCR_0553,553
FCR_0554,554
FCR_0555,555
FCR_0556,556
FCR_0557,557
FCR_0558,558
FCR_0559,559
FCR_0560,560
FCR_0561,561
FCR_0562,562
FCR_0563,563
FCR_0564,564
FCR_0565,565
FCR_0566,566
FCR_0567,567
FCR_0568,568
FCR_0569,569
FCR_0570,570
FCR_0571,571
FCR_0572,572
FCR_0573,573
FCR_0574,574
FCR_0575,575
FCR_0576,576
FCR_0577,577
FCR_0578,578
FCR_0579,579
FCR_0580,580
FCR_0581,581
FCR_0582,582
FCR_0583,583
FCR_0584,584
FCR_0585,585
FCR_0586,586
FCR_0587,587
FCR_0588,588
FCR_0589,589
FCR_0590,590
FCR_0591,591
FCR_0592,592
FCR_0593,593
FCR_0594,594
FCR_0595,595
FCR_0596,596
FCR_0597,597
FCR_0598,598
FCR_0599,599
FCR_0600,600
FCR_0601,601
FCR_0602,602
FCR_0603,603
FCR_0604,604
FCR_0605,605
FCR_0606,606
FCR_0607,607
FCR_0608,608
FCR_0609,609
FCR_0610,610
FCR_0611,611
FCR_0612,612
FCR_0613,613
FCR_0614,614
FCR_0615,615
FCR_0616,616
FCR_0617,617
FCR_0618,618
FCR_0619,619
FCR_0620,620
FCR_0621,621
FCR_0622,622
FCR_0623,623
FCR_0624,624
FCR_0625,625
FCR_0626,626
FCR_0627,627
FCR_0628,628
FCR_0629,629
FCR_0630,630
FCR_0631,631
FCR_0632,632
FCR_0633,633
FCR_0634,634
FCR_0635,635
FCR_0636,636
FCR_0637,637
FCR_0638,638
FCR_0639,639
FCR_0640,640
FCR_0641,641
FCR_0642,642
FCR_0643,643
FCR_0644,644
FCR_0645,645
FCR_0646,646
FCR_0647,647
FCR_0648,648
FCR_0649,649
FCR_0650,650
FCR_0651,651
FCR_0652,652
FCR_0653,653
FCR_0654,654
FCR_0655,655
FCR_0656,656
FCR_0657,657
FCR_0658,658
FCR_0659,659
FCR_0660,660
FCR_0661,661
FCR_0662,662
FCR_0663,663
FCR_0664,664
FCR_0665,665
FCR_0666,666
FCR_0667,667
FCR_0668,668
FCR_0669,669
FCR_0670,670
FCR_0671,671
FCR_0672,672
FCR_0673,673
FCR_0674,674
FCR_0675,675
FCR_0676,676
FCR_0677,677
FCR_0678,678
FCR_0679,679
FCR_0680,680
FCR_0681,681
FCR_0682,682
FCR_0683,683
FCR_0684,684
FCR_0685,685
FCR_0686,686
FCR_0687,687
FCR_0688,688
FCR_0689,689
FCR_0690,690
FCR_0691,691
FCR_0692,692
FCR_0693,693
FCR_0694,694
FCR_0695,695
FCR_0696,696
FCR_0697,697
FCR_0698,698
FCR_0699,699
FCR_0700,700
FCR_0701,701
FCR_0702,702
FCR_0703,703
FCR_0704,704
FCR_0705,705
FCR_0706,706
FCR_0707,707
FCR_0708,708
FCR_0709,709
FCR_0710,710
FCR_0711,711
FCR_0712,712
FCR_0713,713
FCR_0714,714
FCR_0715,715
FCR_0716,716
FCR_0717,717
FCR_0718,718
FCR_0719,719
FCR_0720,720
FCR_0721,721
FCR_0722,722
FCR_0723,723
FCR_0724,724
FCR_0725,725
FCR_0726,726
FCR_0727,727
FCR_0728,728
FCR_0729,729
FCR_0730,730
FCR_0731,731
FCR_0732,732
FCR_0733,733
FCR_0734,734
FCR_0735,735
FCR_0736,736
FCR_0737,737
FCR_0738,738
FCR_0739,739
FCR_0740,740
FCR_0741,741
FCR_0742,742
FCR_0743,743
FCR_0744,744
FCR_0745,745
FCR_0746,746
FCR_0747,747
FCR_0748,748
FCR_0749,749
FCR_0750,750
FCR_0751,751
FCR_0752,752
FCR_0753,753
FCR_0754,754
FCR_0755,755
FCR_0756,756
FCR_0757,757
FCR_0758,758
FCR_0759,759
FCR_0760,760
FCR_0761,761
FCR_0762,762
FCR_0763,763
FCR_0764,764
FCR_0765,765
FCR_0766,766
FCR_0767,767
FCR_0768,768
FCR_0769,769
FCR_0770,770
FCR_0771,771
FCR_0772,772
FCR_0773,773
FCR_0774,774
FCR_0775,775
FCR_0776,776
FCR_0777,777
FCR_0778,778
FCR_0779,779
FCR_0780,780
FCR_0781,781
FCR_0782,782
FCR_0783,783
FCR_0784,784
FCR_0785,785
FCR_0786,786
FCR_0787,787
FCR_0788,788
FCR_0789,789
FCR_0790,790
FCR_0791,791
FCR_0792,792
FCR_0793,793
FCR_0794,794
FCR_0795,795
FCR_0796,796
FCR_0797,797
FCR_0798,798
FCR_0799,799
FCR_0800,800
FCR_0801,801
FCR_0802,802
FCR_0803,803
FCR_0804,804
FCR_0805,805
FCR_0806,806
FCR_0807,807
FCR_0808,808
FCR_0809,809
FCR_0810,810
FCR_0811,811
FCR_0812,812
FCR_0813,813
FCR_0814,814
FCR_0815,815
FCR_0816,816
FCR_0817,817
FCR_0818,818
FCR_0819,819
FCR_0820,820
FCR_0821,821
FCR_0822,822
FCR_0823,823
FCR_0824,824
FCR_0825,825
FCR_0826,826
FCR_0827,827
FCR_0828,828
FCR_0829,829
FCR_0830,830
FCR_0831,831
FCR_0832,832
FCR_0833,833
FCR_0834,834
FCR_0835,835
FCR_0836,836
FCR_0837,837
FCR_0838,838
FCR_0839,839
FCR_0840,840
FCR_0841,841
FCR_0842,842
FCR_0843,843
FCR_0844,844
FCR_0845,845
FCR_0846,846
FCR_0847,847
FCR_0848,848
FCR_0849,849
FCR_0850,850
FCR_0851,851
FCR_0852,852
FCR_0853,853
FCR_0854,854
FCR_0855,855
FCR_0856,856
FCR_0857,857
FCR_0858,858
FCR_0859,859
FCR_0860,860
FCR_0861,861
FCR_0862,862
FCR_0863,863
FCR_0864,864
FCR_0865,865
FCR_0866,866
FCR_0867,867
FCR_0868,868
FCR_0869,869
FCR_0870,870
FCR_0871,871
FCR_0872,872
FCR_0873,873
FCR_0874,874
FCR_0875,875
FCR_0876,876
FCR_0877,877
FCR_0878,878
FCR_0879,879
FCR_0880,880
FCR_0881,881
FCR_0882,882
FCR_0883,883
FCR_0884,884
FCR_0885,885
FCR_0886,886
FCR_0887,887
FCR_0888,888
FCR_0889,889
FCR_0890,890
FCR_0891,891
FCR_0892,892
FCR_0893,893
FCR_0894,894
FCR_0895,895
FCR_0896,896
FCR_0897,897
FCR_0898,898
FCR_0899,899
FCR_0900,900
FCR_0901,901
FCR_0902,902
FCR_0903,903
FCR_0904,904
FCR_0905,905
FCR_0906,906
FCR_0907,907
FCR_0908,908
FCR_0909,909
FCR_0910,910
FCR_0911,911
FCR_0912,912
FCR_0913,913
FCR_0914,914
FCR_0915,915
FCR_0916,916
FCR_0917,917
FCR_0918,918
FCR_0919,919
FCR_0920,920
FCR_0921,921
FCR_0922,922
FCR_0923,923
FCR_0924,924
FCR_0925,925
FCR_0926,926
FCR_0927,927
FCR_0928,928
FCR_0929,929
FCR_0930,930
FCR_0931,931
FCR_0932,932
FCR_0933,933
FCR_0934,934
FCR_0935,935
FCR_0936,936
FCR_0937,937
FCR_0938,938
FCR_0939,939
FCR_0940,940
FCR_0941,941
FCR_0942,942
FCR_0943,943
FCR_0944,944
FCR_0945,945
FCR_0946,946
FCR_0947,947
FCR_0948,948
FCR_0949,949
FCR_0950,950
FCR_0951,951
FCR_0952,952
FCR_0953,953
FCR_0954,954
FCR_0955,955
FCR_0956,956
FCR_0957,957
FCR_0958,958
FCR_0959,959
FCR_0960,960
FCR_0961,961
FCR_0962,962
FCR_0963,963
FCR_0964,964
FCR_0965,965
FCR_0966,966
FCR_0967,967
FCR_0968,968
FCR_0969,969
FCR_0970,970
FCR_0971,971
FCR_0972,972
FCR_0973,973
FCR_0974,974
FCR_0975,975
FCR_0976,976
FCR_0977,977
FCR_0978,978
FCR_0979,979
FCR_0980,980
FCR_0981,981
FCR_0982,982
FCR_0983,983
FCR_0984,984
FCR_0985,985
FCR_0986,986
FCR_0987,987
FCR_0988,988
FCR_0989,989
FCR_0990,990
FCR_0991,991
FCR_0992,992
FCR_0993,993
FCR_0994,994
FCR_0995,995
FCR_0996,996
FCR_0997,997
FCR_0998,998
FCR_0999,999
FCR_1000,1000
